"id","participant_id","installed_on","keep_choice","selection","recall","last_use","aware_prior","access_beneficial","access_concerned","access_change","name","install_count","permissions_count","days_since_install"
"168","48","2020-12-06 14:42:20.000000","Keep","randomApp","No","Unsure","No","Neither agree nor disagree","Neither agree nor disagree","Neither agree nor disagree","Dropbox","40","4","135"
"169","48","2021-01-09 17:04:15.000000","Keep","newestApp","Yes","Today","Yes","Neither agree nor disagree","Neither agree nor disagree","Neither agree nor disagree","Fetch - Scan Receipts & Earn Shopping Rewards!","2","3","101"
"172","48","2020-11-21 19:36:58.000000","Keep","oldestApp","Yes","In the previous year","Unsure","Strongly disagree","Neither agree nor disagree","Neither agree nor disagree","Water Drink Reminder","1","2","150"
"180","40","2021-04-02 17:35:37.000000","Keep","newestApp","Yes","In the previous week","Yes","Strongly agree","Disagree","Strongly disagree","Google Developer Docs","2","3","18"
"186","40","2021-03-13 18:55:01.000000","Unsure","randomApp","Yes","In the previous month","Yes","Neither agree nor disagree","Neither agree nor disagree","Neither agree nor disagree","Nimble CRM","1","5","38"
"192","40","2014-06-02 13:14:04.000000","Keep","oldestApp","Yes","In the previous year","Yes","Agree","Neither agree nor disagree","Disagree","Slice","4","3","2514"
"198","58","2020-10-07 11:56:23.000000","Unsure","oldestApp","No","In the previous year","No","Strongly disagree","Agree","Neither agree nor disagree","Google Nest Mini","5","1","195"
"199","50","2021-02-20 06:55:18.000000","Remove","newestApp","Yes","In the previous month","Unsure","Agree","Disagree","Disagree","ChangeCase","1","4","59"
"200","50","2019-10-19 22:48:12.000000","Keep","randomApp","Unsure","In the previous year","Unsure","Neither agree nor disagree","Disagree","Disagree","Food Truck Chef™ Emily's Restaurant Cooking Games","1","2","549"
"201","50","2017-10-19 05:55:47.000000","Keep","oldestApp","No","Today","No","Disagree","Strongly disagree","Strongly disagree","RESTAURANT DASH: GORDON RAMSAY","1","1","1279"
"203","55","2021-02-10 16:19:40.000000","Keep","newestApp","Yes","In the previous week","Yes","Strongly agree","Strongly disagree","Disagree","SAMSUNG Account","38","5","69"
"204","55","2020-04-24 01:59:53.000000","Keep","oldestApp","Yes","In the previous month","No","Neither agree nor disagree","Disagree","Disagree","Synacor YouTubeTV","2","1","361"
"205","51","2019-04-16 01:53:20.000000","Keep","oldestApp","Yes","In the previous year","Yes","Neither agree nor disagree","Disagree","Agree","Google Assistant on Lenovo Display","2","1","735"
"206","51","2020-04-21 16:41:52.000000","Keep","randomApp","Yes","In the previous year","Yes","Strongly agree","Strongly disagree","Disagree","Boomerang for Gmail","2","5","364"
"211","51","2021-03-11 11:37:16.000000","Unsure","newestApp","Unsure","Unsure","No","Disagree","Agree","Agree","Samsung Experience Service","1","5","40"
"214","27","2020-08-03 01:21:10.000000","Keep","newestApp","No","Unsure","No","Strongly disagree","Strongly disagree","Strongly disagree","Email - Edison Mail","3","8","260"
"215","27","2020-07-29 22:15:20.000000","Keep","oldestApp","Yes","Today","Yes","Neither agree nor disagree","Neither agree nor disagree","Agree","Windows","29","8","265"
"216","77","2020-02-01 21:09:13.000000","Remove","oldestApp","Yes","More than a year ago","Yes","Strongly disagree","Agree","Strongly agree","Google Nest Hub","8","1","444"
"217","77","2020-02-29 15:45:19.000000","Keep","newestApp","Yes","Today","Yes","Strongly agree","Disagree","Strongly disagree","macOS","19","6","416"
"218","61","2020-07-29 23:03:45.000000","Keep","oldestApp","Yes","In the previous year","Unsure","Strongly agree","Disagree","Disagree","DocHub - PDF Sign & Edit","7","6","265"
"219","61","2021-01-26 18:55:28.000000","Remove","newestApp","No","Unsure","No","Strongly disagree","Strongly agree","Strongly agree","RingCentral","1","3","84"
"220","73","2021-01-02 00:40:43.000000","Remove","randomApp","Yes","In the previous year","Yes","Disagree","Disagree","Disagree","Chatbooks - Print Family Photos","1","4","108"
"221","73","2020-12-02 20:44:19.000000","Keep","oldestApp","Yes","In the previous month","Yes","Agree","Disagree","Disagree","Shutterfly","4","3","139"
"223","73","2021-02-19 16:04:51.000000","Remove","newestApp","No","Unsure","No","Strongly disagree","Agree","Strongly agree","Uploadcare","1","2","60"
"224","65","2020-04-22 13:22:54.000000","Keep","oldestApp","Yes","In the previous week","Yes","Agree","Disagree","Disagree","Dropbox","40","4","363"
"225","85","2021-03-11 00:16:45.000000","Keep","newestApp","Yes","In the previous week","Yes","Strongly agree","Strongly disagree","Strongly disagree","Brave Publishers","1","3","40"
"226","85","2020-09-07 22:58:57.000000","Remove","randomApp","No","Unsure","No","Strongly disagree","Agree","Strongly agree","Dream","1","3","225"
"227","85","2020-08-15 01:33:52.000000","Remove","oldestApp","Yes","In the previous year","Yes","Strongly disagree","Strongly disagree","Strongly disagree","Dropbox","40","4","248"
"239","79","2018-12-05 15:20:39.000000","Keep","oldestApp","Yes","In the previous week","Yes","Neither agree nor disagree","Neither agree nor disagree","Disagree","Bored Panda","1","4","867"
"241","79","2021-01-22 20:38:42.000000","Remove","randomApp","Yes","More than a year ago","Yes","Strongly disagree","Strongly disagree","Strongly agree","CloudConvert","3","4","88"
"246","79","2021-02-20 21:08:30.000000","Keep","newestApp","Yes","In the previous month","Yes","Neither agree nor disagree","Neither agree nor disagree","Neither agree nor disagree","Rival Stars Horse Racing","1","2","59"
"253","113","2021-01-08 00:45:44.000000","Keep","newestApp","Yes","Today","Yes","Disagree","Disagree","Agree","Microsoft SwiftKey Keyboard","27","3","102"
"254","113","2020-09-26 17:15:02.000000","Remove","randomApp","Yes","In the previous year","Yes","Strongly disagree","Agree","Strongly agree","Speedrunner Simulator Idle","2","2","206"
"257","113","2017-07-26 22:52:50.000000","Keep","oldestApp","Yes","Today","Yes","Disagree","Agree","Agree","WhatsApp Messenger","13","2","1364"
"258","124","2021-01-01 19:42:24.000000","Keep","oldestApp","Yes","In the previous week","No","Neither agree nor disagree","Agree","Agree","Slack","1","5","109"
"259","99","2021-03-18 21:12:10.000000","Unsure","newestApp","No","In the previous month","No","Disagree","Agree","Agree","Linkt","2","1","33"
"260","99","2020-02-16 20:28:15.000000","Keep","randomApp","Yes","In the previous year","Yes","Agree","Strongly disagree","Disagree","Rakuten Cash Back","13","3","429"
"262","99","2019-10-07 22:54:01.000000","Unsure","oldestApp","Yes","In the previous year","Yes","Disagree","Neither agree nor disagree","Agree","Sweatcoin — Walking step counter & tracker","6","2","561"
"264","153","2021-02-22 23:19:41.000000","Keep","oldestApp","Yes","In the previous week","Yes","Agree","Strongly disagree","Disagree","macOS","19","6","57"
"265","161","2020-04-13 21:32:42.000000","Keep","oldestApp","Yes","Today","Yes","Agree","Neither agree nor disagree","Agree","WhatsApp Messenger","13","2","372"
"266","143","2020-12-11 22:07:58.000000","Keep","newestApp","Yes","In the previous month","Yes","Strongly agree","Neither agree nor disagree","Disagree","Google Developer Docs","2","3","130"
"267","143","2020-10-10 02:37:07.000000","Keep","oldestApp","Yes","In the previous week","Yes","Strongly agree","Neither agree nor disagree","Disagree","YouTube on Xbox Live","6","2","192"
"268","129","2019-03-24 11:42:50.000000","Keep","oldestApp","Unsure","In the previous year","No","Neither agree nor disagree","Agree","Neither agree nor disagree","Microsoft apps & services","10","8","758"
"269","129","2020-06-20 05:50:02.000000","Unsure","newestApp","Yes","In the previous year","Yes","Agree","Neither agree nor disagree","Agree","vidIQ","1","2","304"
"272","158","2019-02-13 11:36:45.000000","Unsure","oldestApp","Yes","Today","Yes","Agree","Neither agree nor disagree","Neither agree nor disagree","Clash of Clans","3","4","797"
"275","158","2021-03-29 17:40:25.000000","Unsure","newestApp","Unsure","Unsure","Unsure","Strongly disagree","Neither agree nor disagree","Neither agree nor disagree","Jumanji: Epic Run","1","1","22"
"280","158","2020-08-22 02:06:10.000000","Keep","randomApp","Yes","In the previous week","Yes","Agree","Strongly disagree","Strongly disagree","Synacor YouTubeTV","2","1","241"
"285","125","2021-03-23 21:47:06.000000","Remove","newestApp","No","Unsure","No","Disagree","Agree","Agree","SimilarWeb.com","1","4","28"
"286","125","2021-03-09 19:03:16.000000","Keep","randomApp","Yes","In the previous month","Yes","Agree","Strongly disagree","Strongly disagree","Site Kit","1","7","42"
"287","125","2021-01-25 02:38:04.000000","Keep","oldestApp","Yes","Today","Yes","Agree","Neither agree nor disagree","Disagree","Windows","29","8","85"
"301","149","2020-12-31 06:38:57.000000","Remove","randomApp","Unsure","Unsure","Unsure","Neither agree nor disagree","Disagree","Neither agree nor disagree","Galaxy Attack - Space Shooter 2021","1","3","110"
"313","149","2021-04-06 02:40:36.000000","Remove","newestApp","Unsure","Unsure","Unsure","Strongly disagree","Strongly disagree","Strongly agree","Pull Him Out","1","1","14"
"317","149","2018-06-11 22:04:59.000000","Keep","oldestApp","Unsure","In the previous week","Unsure","Neither agree nor disagree","Agree","Neither agree nor disagree","Samsung Email","9","4","1044"
"337","98","2020-07-09 22:53:49.000000","Keep","randomApp","Yes","In the previous year","Yes","Agree","Disagree","Disagree","Debian Chromium","2","1","285"
"338","98","2021-01-14 20:07:25.000000","Keep","newestApp","Yes","In the previous month","Yes","Strongly agree","Strongly disagree","Strongly disagree","Clash Royale","8","1","96"
"341","98","2019-04-11 03:52:33.000000","Keep","oldestApp","Yes","Today","Yes","Neither agree nor disagree","Neither agree nor disagree","Neither agree nor disagree","Windows","29","8","740"
"342","137","2021-03-19 21:42:15.000000","Remove","newestApp","Yes","In the previous year","Yes","Neither agree nor disagree","Neither agree nor disagree","Disagree","DocuSign GSuite Add-on","1","13","32"
"343","137","2018-12-28 04:01:27.000000","Keep","oldestApp","Yes","Today","Yes","Strongly agree","Disagree","Disagree","PlayStation Network","7","5","844"
"344","100","2021-02-09 06:44:07.000000","Keep","oldestApp","Yes","In the previous week","Yes","Neither agree nor disagree","Disagree","Agree","Discord","1","2","70"
"345","121","2021-01-15 21:02:26.000000","Remove","newestApp","Yes","In the previous year","Yes","Strongly disagree","Strongly disagree","Strongly agree","Hero Wars – Hero Fantasy Multiplayer Battles","2","1","95"
"346","121","2019-08-04 20:40:33.000000","Keep","oldestApp","Yes","Today","Yes","Neither agree nor disagree","Agree","Neither agree nor disagree","Grindr - Gay chat","2","4","625"
"347","121","2020-09-12 00:19:27.000000","Keep","randomApp","Yes","Today","Yes","Agree","Disagree","Strongly disagree","Windows","29","8","220"
"349","127","2020-12-06 01:59:32.000000","Keep","randomApp","Yes","In the previous week","Yes","Agree","Agree","Strongly disagree","CameraFi Live","1","2","135"
"350","127","2021-03-28 23:58:02.000000","Keep","newestApp","Yes","In the previous week","Yes","Agree","Strongly disagree","Strongly disagree","Coin Dozer - Free Prizes","2","2","23"
"354","127","2020-02-16 15:15:05.000000","Keep","oldestApp","Yes","Today","Yes","Strongly agree","Strongly disagree","Strongly disagree","Yahoo!","5","12","429"
"355","155","2020-03-12 12:26:12.000000","Remove","randomApp","Yes","In the previous month","Yes","Disagree","Strongly agree","Strongly agree","Deezer Music Player: Songs, Playlists & Podcasts","1","4","404"
"356","155","2020-07-03 02:48:11.000000","Keep","newestApp","Yes","Today","Yes","Agree","Disagree","Agree","WhatsApp Messenger","13","2","291"
"357","155","2019-11-29 09:57:33.000000","Keep","oldestApp","Yes","In the previous week","Yes","Strongly agree","Disagree","Disagree","Windows","29","8","508"
"358","104","2020-03-31 00:01:07.000000","Remove","oldestApp","No","Unsure","No","Strongly disagree","Strongly agree","Strongly agree","Shop","7","5","385"
"359","135","2021-03-01 18:13:30.000000","Remove","newestApp","No","Unsure","No","Strongly disagree","Strongly agree","Strongly agree","Lumin PDF","7","5","50"
"360","135","2021-01-24 22:31:45.000000","Remove","randomApp","Yes","In the previous year","Yes","Strongly disagree","Strongly agree","Strongly agree","Dropbox","40","4","86"
"361","135","2020-08-06 12:27:15.000000","Keep","oldestApp","No","Today","Yes","Agree","Disagree","Disagree","macOS","19","6","257"
"362","142","2020-11-19 08:12:45.000000","Remove","oldestApp","Unsure","In the previous month","Unsure","Disagree","Agree","Neither agree nor disagree","Heroes War: Counterattack","1","3","152"
"363","227","2020-11-13 02:10:46.000000","Keep","oldestApp","Yes","In the previous year","Yes","Agree","Strongly disagree","Strongly disagree","Fetch Rewards","6","3","158"
"364","227","2021-01-27 17:29:07.000000","Keep","newestApp","Yes","In the previous month","Yes","Strongly agree","Strongly disagree","Strongly disagree","Streak","2","6","83"
"365","190","2015-08-02 17:43:03.000000","Remove","oldestApp","Yes","Today","No","Disagree","Disagree","Strongly disagree","Stanza","1","3","2088"
"366","190","2021-02-19 03:36:23.000000","Remove","newestApp","No","Today","No","Disagree","Strongly disagree","Disagree","YouTube on Xbox Live","6","2","60"
"368","224","2019-01-20 18:46:56.000000","Keep","oldestApp","Yes","More than a year ago","Yes","Agree","Disagree","Disagree","IFTTT","6","1","821"
"370","224","2021-01-09 01:29:29.000000","Remove","randomApp","Yes","In the previous year","Yes","Disagree","Agree","Agree","PowerDirector - Video Editor App, Best Video Maker","1","3","101"
"371","224","2021-02-19 21:38:37.000000","Keep","newestApp","Yes","In the previous month","Yes","Agree","Disagree","Disagree","YouTube on Xbox Live","6","2","60"
"372","189","2021-03-01 17:29:27.000000","Remove","randomApp","Yes","In the previous year","Yes","Neither agree nor disagree","Disagree","Neither agree nor disagree","DocHub - PDF Sign & Edit","7","6","50"
"374","189","2020-03-21 20:59:28.000000","Remove","oldestApp","Yes","Today","Unsure","Strongly agree","Strongly agree","Neither agree nor disagree","macOS","19","6","395"
"375","189","2021-04-07 12:37:01.000000","Keep","newestApp","Yes","In the previous year","Yes","Agree","Disagree","Disagree","Rakuten Cash Back","13","3","13"
"378","208","2020-10-25 16:29:44.000000","Keep","randomApp","Yes","Today","Unsure","Agree","Disagree","Disagree","Vizio 2020 Cast TV","1","1","177"
"379","208","2020-09-21 18:03:50.000000","Keep","oldestApp","Yes","Today","Yes","Strongly agree","Disagree","Disagree","Email - Edison Mail","3","8","211"
"381","208","2021-01-26 16:57:10.000000","Keep","newestApp","No","Unsure","No","Neither agree nor disagree","Disagree","Disagree","Video Player for Google Drive","1","3","84"
"383","200","2020-04-30 23:31:40.000000","Keep","oldestApp","Yes","In the previous week","No","Agree","Disagree","Neither agree nor disagree","ZIP Extractor","3","4","355"
"384","166","2020-08-30 23:49:34.000000","Keep","oldestApp","Yes","Today","Yes","Strongly agree","Disagree","Neither agree nor disagree","Canvas","4","1","233"
"386","166","2021-02-05 22:20:09.000000","Unsure","randomApp","Yes","Today","Yes","Agree","Neither agree nor disagree","Disagree","Windows","29","8","74"
"387","166","2021-04-05 17:21:26.000000","Unsure","newestApp","Yes","In the previous week","Unsure","Neither agree nor disagree","Disagree","Agree","WiseStamp","1","3","15"
"388","119","2021-02-13 04:19:00.000000","Unsure","randomApp","No","Unsure","No","Disagree","Disagree","Disagree","iCIMS","2","3","66"
"391","119","2018-05-14 21:50:31.000000","Remove","oldestApp","Yes","More than a year ago","Yes","Disagree","Disagree","Neither agree nor disagree","Quora","5","4","1072"
"392","119","2021-03-16 22:09:38.000000","Keep","newestApp","Yes","In the previous week","Yes","Agree","Disagree","Neither agree nor disagree","Unroll.me","8","5","35"
"393","212","2020-09-20 23:53:57.000000","Keep","oldestApp","Yes","In the previous week","Yes","Agree","Disagree","Disagree","Fetch Rewards","6","3","212"
"394","178","2020-06-27 07:48:31.000000","Keep","oldestApp","Yes","In the previous month","Yes","Agree","Disagree","Disagree","Boomerang for Gmail","2","5","297"
"395","178","2020-07-15 19:30:40.000000","Keep","randomApp","Yes","Today","Yes","Agree","Agree","Agree","macOS","19","6","279"
"397","178","2020-12-12 21:10:16.000000","Unsure","newestApp","No","Unsure","No","Neither agree nor disagree","Neither agree nor disagree","Neither agree nor disagree","Gleam","1","3","129"
"398","210","2021-03-03 20:05:33.000000","Remove","newestApp","No","Unsure","Unsure","Neither agree nor disagree","Agree","Strongly agree","CloudConvert","3","4","48"
"399","210","2021-01-04 21:21:56.000000","Unsure","oldestApp","Unsure","In the previous week","Unsure","Neither agree nor disagree","Agree","Agree","Zoom","16","5","106"
"400","217","2020-10-28 02:04:09.000000","Keep","oldestApp","Yes","In the previous week","Yes","Agree","Disagree","Disagree","Fetch Rewards","6","3","174"
"401","193","2021-01-16 17:24:45.000000","Remove","newestApp","No","Unsure","No","Strongly disagree","Agree","Strongly agree","Lumin PDF","7","5","94"
"402","193","2018-11-29 16:39:44.000000","Keep","oldestApp","Yes","Today","Yes","Strongly agree","Disagree","Disagree","LG Email","2","3","873"
"403","218","2020-12-09 15:44:05.000000","Keep","randomApp","Yes","In the previous month","Yes","Neither agree nor disagree","Strongly disagree","Strongly disagree","Alignable","1","3","132"
"404","218","2021-03-11 18:34:11.000000","Keep","newestApp","Yes","Today","Yes","Strongly agree","Neither agree nor disagree","Strongly disagree","HubSpot","1","9","40"
"405","218","2020-11-23 17:51:55.000000","Keep","oldestApp","Yes","Today","Yes","Strongly agree","Strongly agree","Strongly agree","LG QMemo+","3","2","148"
"407","196","2021-03-04 00:40:45.000000","Keep","randomApp","Yes","Today","Yes","Strongly disagree","Strongly disagree","Strongly disagree","GETCHA GHOST-The Haunted House","1","2","47"
"409","196","2016-05-27 19:54:17.000000","Keep","oldestApp","Unsure","Unsure","No","Neither agree nor disagree","Disagree","Disagree","Samsung Email","9","4","1789"
"410","196","2021-04-01 12:41:24.000000","Unsure","newestApp","No","Unsure","No","Strongly disagree","Agree","Neither agree nor disagree","Text Editor","1","4","19"
"411","183","2018-01-21 00:24:17.000000","Remove","oldestApp","Yes","More than a year ago","Yes","Neither agree nor disagree","Neither agree nor disagree","Agree","IFTTT","6","1","1185"
"413","183","2021-02-01 20:57:21.000000","Remove","newestApp","Unsure","More than a year ago","No","Disagree","Agree","Agree","Rakuten Cash Back","13","3","78"
"414","183","2020-07-21 15:32:46.000000","Remove","randomApp","No","In the previous week","No","Strongly disagree","Neither agree nor disagree","Neither agree nor disagree","Podcast Addict","1","3","273"
"416","176","2019-03-31 00:13:05.000000","Keep","oldestApp","Yes","In the previous month","Yes","Agree","Disagree","Disagree","Windows","29","8","751"
"417","214","2020-09-10 01:49:38.000000","Keep","oldestApp","Yes","In the previous month","No","Disagree","Agree","Agree","PlayStation Network","7","5","222"
"421","184","2017-07-06 04:18:54.000000","Keep","oldestApp","Yes","More than a year ago","Yes","Agree","Disagree","Disagree","IFTTT","6","1","1384"
"422","184","2021-04-13 05:25:20.000000","Keep","newestApp","Yes","Today","Yes","Strongly agree","Disagree","Neither agree nor disagree","Pixieset Photo Sharing","1","3","7"
"424","184","2021-03-19 22:47:44.000000","Keep","randomApp","Yes","Unsure","Yes","Agree","Disagree","Agree","SAMSUNG Account","38","5","32"
"429","271","2021-04-11 21:21:26.000000","Keep","newestApp","Yes","Today","Yes","Strongly agree","Disagree","Disagree","Google Nest Hub","8","1","9"
"434","271","2021-03-29 03:43:34.000000","Keep","randomApp","Yes","In the previous month","Yes","Agree","Disagree","Disagree","Rakuten: Get Cash Back & save on your shopping","2","3","22"
"435","271","2021-02-11 04:13:23.000000","Keep","oldestApp","Yes","In the previous month","Yes","Agree","Disagree","Disagree","SAMSUNG Account","38","5","68"
"440","252","2021-03-06 20:59:08.000000","Keep","newestApp","Yes","Today","Yes","Agree","Disagree","Disagree","Nest","31","3","45"
"441","274","2020-03-23 16:06:18.000000","Keep","oldestApp","Yes","In the previous week","No","Agree","Agree","Neither agree nor disagree","Zoom","16","5","393"
"442","226","2021-01-19 15:12:39.000000","Keep","oldestApp","Yes","In the previous year","Yes","Strongly agree","Disagree","Strongly disagree","macOS","19","6","91"
"443","264","2021-03-25 19:22:42.000000","Remove","newestApp","Unsure","Unsure","No","Strongly disagree","Agree","Agree","Himalaya: discover, listen and learn from the best","1","3","26"
"444","264","2020-03-04 06:40:44.000000","Remove","oldestApp","Yes","Unsure","No","Disagree","Agree","Agree","Pedometer -  Step Counter Free & Calorie Burner","1","1","412"
"446","236","2021-02-26 00:23:18.000000","Remove","newestApp","Yes","In the previous month","Yes","Agree","Neither agree nor disagree","Agree","Battleverse Champions","1","3","53"
"451","236","2020-10-15 22:05:08.000000","Keep","oldestApp","Yes","Today","Yes","Strongly agree","Strongly disagree","Strongly disagree","Route - Package Tracker for Your Online Orders","1","3","187"
"453","236","2020-11-27 20:41:13.000000","Keep","randomApp","Yes","In the previous week","Yes","Agree","Agree","Disagree","Super Mario Run","1","1","144"
"455","272","2020-01-14 00:59:12.000000","Keep","oldestApp","Yes","In the previous month","Yes","Agree","Disagree","Disagree","WhatsApp Messenger","13","2","462"
"456","251","2021-01-02 22:43:18.000000","Keep","oldestApp","Yes","In the previous month","Yes","Agree","Neither agree nor disagree","Neither agree nor disagree","Route","1","3","108"
"457","243","2018-08-24 21:12:48.000000","Keep","randomApp","Yes","Today","Yes","Strongly agree","Strongly disagree","Strongly disagree","Clash of Clans","3","4","970"
"458","243","2020-03-06 00:23:42.000000","Keep","newestApp","Yes","Today","Yes","Strongly agree","Strongly disagree","Strongly disagree","Sweatcoin — Walking step counter & tracker","6","2","410"
"459","243","2016-07-07 03:37:40.000000","Keep","oldestApp","Yes","In the previous month","Yes","Strongly agree","Strongly disagree","Strongly disagree","YouTube on Xbox Live","6","2","1748"
"460","288","2020-06-29 21:29:43.000000","Unsure","oldestApp","No","In the previous year","No","Agree","Disagree","Disagree","Extensis Fonts","2","10","295"
"461","288","2020-07-08 15:20:32.000000","Keep","randomApp","Yes","In the previous year","Yes","Agree","Disagree","Disagree","Screencastify","4","3","286"
"462","288","2020-12-30 22:54:11.000000","Keep","newestApp","Yes","In the previous year","Yes","Agree","Disagree","Disagree","Teachers Pay Teachers","2","5","111"
"465","357","2020-09-06 16:29:06.000000","Keep","randomApp","Yes","In the previous year","Yes","Neither agree nor disagree","Disagree","Disagree","Pokémon GO","10","4","226"
"466","357","2021-02-19 19:41:02.000000","Unsure","newestApp","Yes","In the previous year","Yes","Agree","Disagree","Disagree","MOVE! Coach","1","1","60"
"468","357","2017-11-26 06:33:51.000000","Keep","oldestApp","Yes","Today","Unsure","Neither agree nor disagree","Disagree","Disagree","MARVEL Puzzle Quest: Join the Super Hero Battle!","2","2","1241"
"477","322","2021-03-16 05:36:52.000000","Unsure","randomApp","Yes","In the previous week","Yes","Strongly disagree","Disagree","Disagree","Idle Island: Build and Survive","1","2","35"
"479","322","2021-04-13 22:18:17.000000","Unsure","newestApp","Yes","In the previous week","Yes","Strongly disagree","Disagree","Disagree","Idle Theme Park Tycoon - Recreation Game","3","1","7"
"480","322","2018-07-10 01:08:03.000000","Remove","oldestApp","No","Unsure","No","Strongly disagree","Neither agree nor disagree","Agree","Quora","5","4","1015"
"487","304","2021-04-12 22:29:56.000000","Keep","oldestApp","Yes","Today","Yes","Strongly agree","Strongly disagree","Strongly disagree","macOS","19","6","8"
"489","302","2020-08-28 01:36:14.000000","Remove","oldestApp","Yes","Today","Yes","Agree","Disagree","Neither agree nor disagree","Canvas","4","1","235"
"490","302","2020-09-02 03:03:56.000000","Keep","randomApp","Yes","In the previous week","Yes","Neither agree nor disagree","Strongly disagree","Disagree","LG Email","2","3","230"
"493","302","2021-02-24 01:39:44.000000","Remove","newestApp","Yes","In the previous month","Yes","Strongly disagree","Neither agree nor disagree","Strongly agree","SMS Backup & Restore","2","1","55"
"495","335","2019-12-07 08:23:12.000000","Keep","oldestApp","Yes","In the previous week","Yes","Agree","Agree","Agree","Windows","29","8","500"
"496","317","2021-02-25 01:37:23.000000","Keep","newestApp","Yes","In the previous week","Yes","Agree","Neither agree nor disagree","Neither agree nor disagree","Chromecast","7","1","54"
"497","317","2020-07-06 19:59:40.000000","Keep","oldestApp","Yes","In the previous month","Yes","Agree","Neither agree nor disagree","Disagree","Nest Wifi point","2","1","288"
"500","333","2019-05-03 19:00:16.000000","Keep","randomApp","Yes","Today","Yes","Agree","Disagree","Disagree","macOS","19","6","718"
"502","333","2014-07-03 16:09:31.000000","Keep","oldestApp","Yes","More than a year ago","No","Agree","Disagree","Disagree","Unroll.me","8","5","2483"
"503","333","2021-03-10 12:23:29.000000","Remove","newestApp","No","In the previous month","No","Strongly disagree","Strongly disagree","Strongly disagree","WINC","1","3","41"
"508","301","2020-10-14 18:14:13.000000","Keep","randomApp","Yes","Today","Yes","Strongly agree","Strongly agree","Strongly agree","Nest","31","3","188"
"509","301","2021-02-07 16:15:03.000000","Remove","newestApp","No","Today","No","Agree","Agree","Agree","Shutterfly","4","3","72"
"510","301","2017-06-06 07:14:27.000000","Remove","oldestApp","No","In the previous year","No","Strongly disagree","Strongly disagree","Strongly agree","WhatsApp Messenger","13","2","1414"
"511","188","2021-01-07 16:31:19.000000","Keep","newestApp","Yes","In the previous year","Unsure","Agree","Neither agree nor disagree","Neither agree nor disagree","Dropbox","40","4","103"
"512","188","2018-05-12 17:08:27.000000","Unsure","oldestApp","No","Unsure","Unsure","Neither agree nor disagree","Agree","Neither agree nor disagree","Quora","5","4","1074"
"513","285","2019-12-02 01:55:14.000000","Remove","randomApp","No","Unsure","No","Disagree","Agree","Agree","Hisense TV fushan","1","1","505"
"515","285","2021-03-21 22:10:20.000000","Remove","newestApp","No","Unsure","Unsure","Strongly disagree","Agree","Strongly agree","Family Island™ - Farm game adventure","1","2","30"
"525","285","2016-06-25 15:52:13.000000","Keep","oldestApp","Unsure","In the previous week","Yes","Agree","Disagree","Neither agree nor disagree","Walgreens Core External","3","4","1760"
"526","332","2020-12-07 01:54:50.000000","Keep","randomApp","Yes","In the previous month","No","Neither agree nor disagree","Disagree","Disagree","Chess Free","1","1","134"
"527","332","2021-03-19 23:47:04.000000","Keep","newestApp","Yes","In the previous month","No","Agree","Disagree","Disagree","Clash Royale","8","1","32"
"529","332","2017-02-16 07:45:15.000000","Keep","oldestApp","No","Today","Yes","Agree","Neither agree nor disagree","Neither agree nor disagree","Windows","29","8","1524"
"530","324","2019-10-08 21:27:12.000000","Keep","oldestApp","Yes","In the previous week","Yes","Strongly agree","Neither agree nor disagree","Disagree","macOS","19","6","560"
"531","324","2020-06-23 14:30:26.000000","Unsure","newestApp","Unsure","In the previous year","No","Disagree","Agree","Agree","Paribus","9","8","301"
"532","347","2020-09-26 06:11:33.000000","Remove","oldestApp","No","Unsure","No","Strongly disagree","Agree","Agree","Arch Linux Chromium","1","1","206"
"533","256","2020-03-20 04:35:01.000000","Keep","randomApp","Yes","In the previous month","Yes","Agree","Strongly disagree","Disagree","Chromecast","7","1","396"
"535","256","2018-04-12 19:14:23.000000","Keep","oldestApp","Yes","Today","Yes","Strongly agree","Strongly disagree","Strongly disagree","Mozilla Thunderbird Email","2","1","1104"
"537","256","2021-03-09 19:47:32.000000","Keep","newestApp","Yes","Today","Yes","Strongly agree","Strongly disagree","Disagree","YouTube on Xbox Live","6","2","42"
"538","323","2020-12-14 11:47:00.000000","Keep","oldestApp","Yes","In the previous month","No","Agree","Agree","Agree","Doodle","2","7","127"
"543","299","2021-02-26 21:44:14.000000","Keep","newestApp","No","Today","No","Neither agree nor disagree","Agree","Agree","Microsoft apps & services","10","8","53"
"544","299","2019-10-06 20:38:11.000000","Keep","oldestApp","Yes","Today","Yes","Strongly agree","Strongly disagree","Strongly disagree","Nest","31","3","562"
"545","299","2020-12-01 21:44:15.000000","Keep","randomApp","Yes","Today","Yes","Strongly agree","Strongly disagree","Strongly disagree","Windows","29","8","140"
"547","356","2020-08-29 20:34:58.000000","Keep","oldestApp","Yes","Today","No","Strongly agree","Strongly disagree","Strongly disagree","Yahoo!","5","12","234"
"549","329","2020-09-12 23:36:53.000000","Keep","randomApp","No","Unsure","Yes","Strongly agree","Strongly agree","Strongly agree","Google Nest Hub","8","1","220"
"552","329","2021-02-10 21:13:32.000000","Remove","newestApp","No","Unsure","No","Strongly disagree","Strongly disagree","Strongly disagree","Doodle","2","7","69"
"553","329","2020-06-02 00:04:59.000000","Remove","oldestApp","Yes","Today","Yes","Agree","Neither agree nor disagree","Neither agree nor disagree","Yahoo!","5","12","322"
"554","289","2020-03-26 17:59:40.000000","Keep","newestApp","Yes","In the previous week","Yes","Agree","Disagree","Disagree","Rakuten Cash Back","13","3","390"
"555","289","2015-08-06 22:10:28.000000","Remove","oldestApp","Yes","More than a year ago","Unsure","Strongly disagree","Agree","Agree","The Perdue Crew","1","4","2084"
"556","327","2018-12-22 06:15:55.000000","Keep","oldestApp","Yes","In the previous week","Yes","Disagree","Neither agree nor disagree","Neither agree nor disagree","Empires & Puzzles: Epic Match 3","1","1","850"
"557","327","2021-01-20 22:55:27.000000","Keep","randomApp","Yes","In the previous month","Yes","Neither agree nor disagree","Neither agree nor disagree","Neither agree nor disagree","Instacart","1","3","90"
"559","327","2021-01-27 20:46:13.000000","Keep","newestApp","Yes","In the previous month","Yes","Agree","Agree","Agree","SAMSUNG Account","38","5","83"
"564","354","2017-11-24 17:12:41.000000","Remove","oldestApp","Yes","Today","Yes","Agree","Neither agree nor disagree","Neither agree nor disagree","Unroll.me","8","5","1243"
"567","354","2021-02-22 10:58:36.000000","Remove","newestApp","Yes","In the previous month","Yes","Agree","Agree","Agree","dillinger","1","1","57"
"569","354","2019-12-03 23:42:26.000000","Unsure","randomApp","Unsure","Unsure","No","Neither agree nor disagree","Neither agree nor disagree","Neither agree nor disagree","Rakuten Cash Back","13","3","504"
"573","310","2019-09-03 18:36:16.000000","Keep","newestApp","Unsure","Today","Unsure","Neither agree nor disagree","Disagree","Disagree","Windows","29","8","595"
"574","340","2020-12-19 02:32:17.000000","Remove","oldestApp","Yes","In the previous year","No","Disagree","Neither agree nor disagree","Neither agree nor disagree","GNOME","1","10","122"
"575","340","2020-12-22 01:09:57.000000","Remove","newestApp","Yes","In the previous year","No","Disagree","Neither agree nor disagree","Agree","Paribus","9","8","119"
"578","416","2021-03-29 03:02:14.000000","Keep","newestApp","Yes","In the previous month","Yes","Strongly agree","Strongly disagree","Strongly disagree","Office Depot","1","2","22"
"581","416","2020-12-23 05:56:46.000000","Unsure","randomApp","Yes","In the previous year","Yes","Neither agree nor disagree","Disagree","Disagree","RWBY","1","3","118"
"584","416","2019-01-17 20:20:38.000000","Keep","oldestApp","Yes","In the previous week","Yes","Agree","Disagree","Disagree","Walgreens Core External","3","4","824"
"591","406","2021-03-14 06:58:18.000000","Remove","randomApp","Yes","In the previous week","No","Strongly disagree","Disagree","Strongly agree","Sonic CD Classic","1","3","37"
"592","406","2021-03-30 16:31:00.000000","Keep","newestApp","Yes","Today","Yes","Strongly agree","Neither agree nor disagree","Disagree","Windows","29","8","21"
"593","406","2019-09-27 06:10:40.000000","Keep","oldestApp","Yes","In the previous year","Yes","Disagree","Disagree","Strongly disagree","ドラガリアロスト","2","1","571"
"594","311","2019-11-21 19:11:53.000000","Keep","oldestApp","Unsure","Unsure","No","Neither agree nor disagree","Disagree","Disagree","Windows","29","8","516"
"595","404","2020-01-21 05:51:16.000000","Keep","newestApp","Yes","In the previous month","Yes","Agree","Disagree","Disagree","Windows","29","8","455"
"596","404","2019-12-11 19:37:38.000000","Keep","oldestApp","No","In the previous month","Unsure","Agree","Neither agree nor disagree","Neither agree nor disagree","Shop","7","5","496"
"597","404","2019-12-18 05:29:28.000000","Unsure","randomApp","Yes","Today","Unsure","Neither agree nor disagree","Disagree","Neither agree nor disagree","Samsung Email","9","4","489"
"598","367","2018-01-23 21:36:18.000000","Keep","oldestApp","Yes","In the previous week","Yes","Agree","Neither agree nor disagree","Disagree","Dropbox","40","4","1183"
"599","367","2021-03-18 15:59:17.000000","Remove","newestApp","Yes","In the previous month","No","Disagree","Disagree","Agree","Linkt","2","1","33"
"601","422","2019-11-11 01:56:05.000000","Keep","oldestApp","No","Today","No","Neither agree nor disagree","Agree","Strongly disagree","Castle Crush: Epic Battle - Free Strategy Games","1","3","526"
"602","422","2021-03-27 19:17:43.000000","Remove","newestApp","No","In the previous month","No","Strongly disagree","Strongly agree","Strongly disagree","CSR Racing 2 – Free Car Racing Game","1","1","24"
"603","422","2021-01-21 15:13:55.000000","Keep","randomApp","Unsure","In the previous month","No","Strongly disagree","Neither agree nor disagree","Strongly disagree","Egg, Inc.","4","1","89"
"615","292","2020-06-15 00:50:12.000000","Remove","oldestApp","No","Unsure","No","Strongly disagree","Agree","Strongly agree","Earny","3","5","309"
"618","292","2021-03-22 03:01:04.000000","Remove","newestApp","Yes","In the previous month","Yes","Agree","Disagree","Disagree","Hungry Shark Evolution - Offline survival game","1","1","29"
"621","292","2021-03-17 00:52:05.000000","Remove","randomApp","No","In the previous year","No","Agree","Disagree","Disagree","Lumin PDF","7","5","34"
"628","372","2020-01-15 06:50:20.000000","Keep","oldestApp","Yes","In the previous month","No","Neither agree nor disagree","Disagree","Disagree","Google Assistant on JBL Speaker","1","1","461"
"633","372","2021-03-04 00:41:20.000000","Keep","randomApp","Yes","Today","Yes","Strongly agree","Strongly disagree","Disagree","Windows","29","8","47"
"634","372","2021-03-06 03:14:04.000000","Keep","newestApp","Yes","Today","Yes","Strongly agree","Strongly disagree","Disagree","Zoom","16","5","45"
"635","418","2020-12-20 17:41:08.000000","Remove","randomApp","Yes","In the previous year","Unsure","Strongly disagree","Strongly agree","Strongly agree","Smallpdf","1","4","121"
"636","418","2021-03-23 01:44:35.000000","Keep","newestApp","Yes","In the previous week","Unsure","Strongly agree","Disagree","Disagree","CamScanner","1","3","28"
"637","418","2020-06-09 21:21:19.000000","Keep","oldestApp","Yes","In the previous year","Yes","Agree","Disagree","Disagree","Speechify","1","3","315"
"640","353","2021-03-27 13:56:33.000000","Remove","newestApp","Yes","In the previous week","Yes","Agree","Agree","Agree","adidas Training by Runtastic - Workout Fitness App","1","4","24"
"641","353","2021-01-11 15:13:14.000000","Keep","randomApp","Yes","Today","Unsure","Agree","Disagree","Disagree","CCleaner: Cache Cleaner, Phone Booster, Optimizer","1","1","99"
"642","353","2018-11-20 19:04:09.000000","Keep","oldestApp","Yes","Today","Yes","Strongly agree","Disagree","Disagree","eM Client","1","8","882"
"646","434","2020-11-26 01:39:29.000000","Keep","newestApp","Yes","Today","Yes","Strongly agree","Strongly disagree","Strongly disagree","Windows","29","8","145"
"647","434","2019-04-08 17:51:35.000000","Keep","oldestApp","No","Unsure","No","Agree","Disagree","Neither agree nor disagree","Remove Duplicates","1","5","743"
"649","452","2021-01-30 01:20:00.000000","Keep","oldestApp","Yes","In the previous month","Yes","Neither agree nor disagree","Disagree","Disagree","Zombie Forest HD: Survival","1","2","80"
"650","452","2021-01-30 20:18:12.000000","Keep","randomApp","Yes","Unsure","Yes","Strongly agree","Strongly disagree","Strongly disagree","Catan Universe","1","1","80"
"651","452","2021-04-07 17:11:45.000000","Keep","newestApp","Yes","In the previous week","Yes","Strongly agree","Strongly disagree","Strongly disagree","Bloons Monkey City","1","1","13"
"652","433","2018-06-15 08:09:18.000000","Keep","oldestApp","Yes","In the previous week","Yes","Agree","Disagree","Disagree","Quora","5","4","1040"
"653","433","2020-09-14 05:03:46.000000","Keep","newestApp","Yes","In the previous year","Yes","Agree","Disagree","Disagree","CloudConvert","3","4","218"
"654","486","2020-10-16 04:30:55.000000","Keep","oldestApp","Yes","In the previous month","Yes","Neither agree nor disagree","Neither agree nor disagree","Neither agree nor disagree","Pokémon GO","10","4","186"
"655","486","2021-01-23 10:13:23.000000","Keep","newestApp","Yes","In the previous month","Yes","Strongly disagree","Disagree","Disagree","Postknight","1","2","87"
"656","365","2021-02-04 19:14:49.000000","Unsure","newestApp","No","In the previous year","No","Strongly disagree","Strongly agree","Agree","Bright Cellars","2","3","75"
"659","365","2019-12-10 03:33:00.000000","Keep","randomApp","Yes","Today","Yes","Strongly agree","Strongly disagree","Disagree","macOS","19","6","497"
"663","365","2018-12-27 09:26:51.000000","Remove","oldestApp","Yes","More than a year ago","Yes","Disagree","Agree","Neither agree nor disagree","Unroll.me","8","5","845"
"665","488","2020-06-09 23:53:58.000000","Remove","newestApp","Yes","In the previous year","Yes","Neither agree nor disagree","Agree","Strongly agree","WhatsApp Messenger","13","2","315"
"666","488","2017-05-11 14:15:38.000000","Keep","oldestApp","Yes","In the previous week","Yes","Agree","Neither agree nor disagree","Disagree","Dropbox","40","4","1440"
"671","384","2021-04-03 14:49:49.000000","Unsure","newestApp","Yes","In the previous year","Yes","Neither agree nor disagree","Agree","Neither agree nor disagree","Dropbox","40","4","17"
"685","384","2021-02-28 21:37:47.000000","Keep","randomApp","Yes","In the previous year","Yes","Agree","Neither agree nor disagree","Disagree","Unison League","1","1","51"
"687","384","2018-12-26 18:46:52.000000","Keep","oldestApp","Yes","In the previous month","Yes","Strongly agree","Disagree","Disagree","ドラガリアロスト","2","1","846"
"689","415","2021-04-17 22:23:00.000000","Keep","newestApp","Yes","Today","Yes","Strongly agree","Strongly disagree","Disagree","Amazing Marvin","1","4","3"
"691","415","2020-08-18 17:45:04.000000","Remove","randomApp","Yes","In the previous week","Unsure","Agree","Neither agree nor disagree","Disagree","Canvas","4","1","245"
"707","415","2020-04-01 15:19:51.000000","Keep","oldestApp","Yes","In the previous month","Yes","Agree","Neither agree nor disagree","Disagree","Zoom","16","5","384"
"708","438","2017-01-14 09:04:17.000000","Keep","oldestApp","Yes","In the previous week","Yes","Neither agree nor disagree","Disagree","Disagree","Clash Royale","8","1","1557"
"710","438","2020-08-17 23:52:33.000000","Keep","newestApp","Yes","Today","Yes","Strongly agree","Strongly disagree","Strongly disagree","Microsoft apps & services","10","8","246"
"711","438","2019-02-12 05:26:17.000000","Keep","randomApp","Yes","Today","Yes","Agree","Neither agree nor disagree","Neither agree nor disagree","Mobile Legends: Bang Bang","2","5","798"
"713","462","2020-11-21 20:59:39.000000","Keep","randomApp","Yes","More than a year ago","No","Strongly disagree","Strongly disagree","Agree","Coin Dozer - Free Prizes","2","2","150"
"714","462","2021-03-05 23:39:03.000000","Keep","newestApp","Yes","In the previous month","Yes","Strongly agree","Strongly agree","Strongly agree","Shop: package & order tracker","32","3","46"
"715","462","2020-02-19 14:16:19.000000","Keep","oldestApp","Yes","More than a year ago","Yes","Disagree","Neither agree nor disagree","Agree","WhatsApp Messenger","13","2","426"
"716","485","2020-07-08 00:57:52.000000","Keep","randomApp","Yes","In the previous week","Yes","Strongly agree","Strongly disagree","Strongly disagree","Google Assistant on LG ThinQ TV","2","1","286"
"717","485","2018-04-30 20:06:08.000000","Remove","oldestApp","Yes","Unsure","Yes","Strongly disagree","Agree","Strongly agree","SocialToaster","1","4","1086"
"718","485","2020-12-09 22:50:13.000000","Remove","newestApp","Yes","In the previous year","Yes","Strongly disagree","Strongly disagree","Agree","Zoom","16","5","132"
"719","459","2020-11-07 17:43:29.000000","Keep","oldestApp","Yes","Today","Yes","Strongly agree","Disagree","Disagree","Zoom","16","5","164"
"720","412","2021-02-19 17:39:31.000000","Remove","oldestApp","No","In the previous week","No","Strongly disagree","Strongly agree","Strongly agree","Rakuten Cash Back","13","3","60"
"721","467","2020-10-18 01:21:07.000000","Remove","oldestApp","Yes","More than a year ago","Unsure","Disagree","Agree","Agree","TuneMyMusic","1","1","184"
"722","467","2020-12-23 13:31:20.000000","Remove","randomApp","Yes","More than a year ago","Yes","Agree","Disagree","Disagree","Starlost - Space Shooter","1","2","118"
"723","467","2021-02-02 02:10:24.000000","Remove","newestApp","No","Unsure","No","Neither agree nor disagree","Disagree","Disagree","LBRY Creator Verification","1","1","77"
"725","471","2018-10-22 21:56:44.000000","Keep","oldestApp","Yes","In the previous week","No","Disagree","Strongly agree","Strongly agree","EasyBib Bibliography Creator","1","7","911"
"726","471","2019-05-12 16:22:42.000000","Remove","randomApp","Unsure","More than a year ago","No","Strongly disagree","Agree","Strongly agree","Glassdoor","1","3","709"
"728","471","2021-01-25 20:01:14.000000","Keep","newestApp","Yes","Today","Yes","Agree","Disagree","Disagree","Zoom","16","5","85"
"730","516","2020-11-15 16:38:49.000000","Remove","randomApp","No","Unsure","No","Strongly disagree","Agree","Agree","academia.edu","2","3","156"
"731","516","2021-04-08 03:01:49.000000","Keep","newestApp","Yes","In the previous week","Yes","Strongly agree","Disagree","Disagree","BanG Dream! Girls Band Party!","4","2","12"
"733","516","2020-06-30 19:07:55.000000","Keep","oldestApp","Yes","In the previous week","Yes","Agree","Disagree","Disagree","MediBang Paint - Make Art !","1","3","294"
"736","540","2021-04-09 13:26:37.000000","Remove","newestApp","Yes","Unsure","Unsure","Neither agree nor disagree","Neither agree nor disagree","Neither agree nor disagree","Google Nest Mini","5","1","11"
"745","540","2020-10-25 19:22:51.000000","Keep","randomApp","Yes","More than a year ago","Yes","Neither agree nor disagree","Neither agree nor disagree","Neither agree nor disagree","Pirate Kings™️","2","1","177"
"753","540","2014-11-24 17:59:03.000000","Remove","oldestApp","Yes","Unsure","Unsure","Neither agree nor disagree","Neither agree nor disagree","Neither agree nor disagree","Unroll.me","8","5","2339"
"755","539","2020-07-06 22:25:19.000000","Remove","newestApp","Unsure","More than a year ago","No","Strongly disagree","Neither agree nor disagree","Neither agree nor disagree","Bad Translator","1","3","288"
"757","539","2019-06-04 06:40:46.000000","Keep","oldestApp","Yes","In the previous year","Yes","Neither agree nor disagree","Disagree","Disagree","Magic Rainbow Unicorns","1","2","686"
"758","539","2020-01-20 06:10:12.000000","Keep","randomApp","Yes","Today","Yes","Strongly agree","Agree","Agree","Windows","29","8","456"
"761","549","2021-02-25 21:52:23.000000","Keep","newestApp","Yes","Today","Yes","Strongly agree","Strongly disagree","Strongly disagree","PlayStation Network","7","5","54"
"762","549","2020-04-08 16:41:45.000000","Keep","oldestApp","Yes","In the previous week","Yes","Agree","Disagree","Disagree","Turk Guru","1","1","377"
"763","537","2021-04-07 01:20:09.000000","Unsure","newestApp","No","Unsure","Unsure","Neither agree nor disagree","Neither agree nor disagree","Neither agree nor disagree","CINC","1","3","13"
"764","537","2021-03-12 16:37:14.000000","Keep","randomApp","Yes","In the previous month","Yes","Strongly agree","Strongly agree","Strongly agree","Edmodo","1","4","39"
"765","537","2021-02-18 04:18:33.000000","Unsure","oldestApp","Unsure","Unsure","No","Neither agree nor disagree","Neither agree nor disagree","Neither agree nor disagree","SplashLearn","1","3","61"
"766","534","2020-11-05 20:49:58.000000","Keep","newestApp","Yes","In the previous year","Yes","Disagree","Strongly disagree","Strongly disagree","Boggle With Friends: Word Game","1","1","166"
"770","534","2020-08-12 17:32:11.000000","Remove","randomApp","Yes","In the previous year","Yes","Disagree","Strongly disagree","Agree","Mailtrack","1","3","251"
"773","534","2017-12-16 07:18:55.000000","Remove","oldestApp","Unsure","In the previous year","No","Disagree","Disagree","Strongly disagree","Walgreens Core External","3","4","1221"
"774","550","2021-01-03 02:00:24.000000","Remove","oldestApp","No","Unsure","No","Disagree","Agree","Agree","Webmoney Transfer","1","3","107"
"775","520","2020-11-07 00:00:02.000000","Keep","randomApp","Yes","In the previous year","Unsure","Agree","Strongly disagree","Neither agree nor disagree","adidas","1","4","164"
"780","520","2020-12-17 13:48:50.000000","Keep","newestApp","Yes","In the previous year","Yes","Agree","Disagree","Neither agree nor disagree","Screencastify","4","3","124"
"783","520","2019-09-13 04:55:19.000000","Keep","oldestApp","Yes","In the previous month","Yes","Strongly agree","Strongly disagree","Agree","Paribus","9","8","585"
"784","555","2015-04-05 21:27:08.000000","Keep","oldestApp","Yes","Today","Yes","Agree","Neither agree nor disagree","Neither agree nor disagree","Amazon","3","5","2207"
"787","555","2015-07-17 03:22:21.000000","Keep","randomApp","Yes","In the previous year","Yes","Neither agree nor disagree","Disagree","Neither agree nor disagree","Dropbox","40","4","2104"
"789","555","2021-03-19 21:14:24.000000","Keep","newestApp","Yes","In the previous week","Yes","Neither agree nor disagree","Disagree","Neither agree nor disagree","Shop: package & order tracker","32","3","32"
"793","515","2020-04-21 07:05:57.000000","Keep","oldestApp","Yes","In the previous week","Yes","Agree","Disagree","Disagree","Amazon","3","5","364"
"794","515","2020-05-14 20:40:19.000000","Keep","newestApp","Yes","In the previous week","Yes","Agree","Disagree","Disagree","Rakuten Cash Back","13","3","341"
"795","544","2021-04-03 19:24:52.000000","Keep","newestApp","Yes","In the previous week","Yes","Agree","Agree","Agree","BanG Dream! Girls Band Party!","4","2","17"
"799","544","2021-02-16 13:28:47.000000","Keep","randomApp","Yes","In the previous year","Yes","Agree","Agree","Agree","Dropbox","40","4","63"
"808","544","2014-05-28 07:30:51.000000","Keep","oldestApp","No","More than a year ago","No","Neither agree nor disagree","Neither agree nor disagree","Neither agree nor disagree","Slice","4","3","2519"
"809","476","2019-04-16 12:53:44.000000","Remove","oldestApp","No","Unsure","No","Strongly disagree","Agree","Strongly agree","Samsung Email","9","4","735"
"810","507","2020-12-27 09:20:08.000000","Keep","newestApp","Yes","In the previous year","Yes","Strongly agree","Neither agree nor disagree","Disagree","SMS Backup & Restore","2","1","114"
"811","507","2020-01-26 02:54:59.000000","Keep","oldestApp","Yes","Today","Yes","Strongly agree","Neither agree nor disagree","Disagree","Xodo","1","6","450"
"812","528","2020-10-25 20:30:13.000000","Unsure","randomApp","No","Unsure","No","Disagree","Agree","Strongly agree","Livelink Web Kiosk","1","3","177"
"813","528","2019-07-26 16:29:49.000000","Keep","oldestApp","Yes","In the previous week","No","Neither agree nor disagree","Disagree","Disagree","PlayStation Network","7","5","634"
"814","528","2021-03-25 23:25:10.000000","Keep","newestApp","Yes","In the previous month","Yes","Agree","Disagree","Disagree","Shutterfly","4","3","26"
"815","530","2021-01-05 05:53:40.000000","Keep","oldestApp","Yes","In the previous month","Yes","Agree","Disagree","Disagree","Dropbox","40","4","105"
"816","530","2021-02-20 00:27:08.000000","Remove","newestApp","No","Unsure","No","Neither agree nor disagree","Neither agree nor disagree","Neither agree nor disagree","Viki","1","3","59"
"819","510","2019-11-29 23:35:39.000000","Keep","oldestApp","Yes","Today","Yes","Agree","Strongly disagree","Disagree","Pokémon GO","10","4","508"
"821","510","2020-12-18 02:05:59.000000","Unsure","randomApp","No","Today","No","Agree","Agree","Agree","Windows","29","8","123"
"822","510","2021-02-02 17:46:29.000000","Keep","newestApp","Yes","In the previous week","Yes","Agree","Disagree","Disagree","Zoom","16","5","77"
"824","526","2021-02-18 02:34:13.000000","Keep","randomApp","Yes","In the previous month","Yes","Agree","Agree","Disagree","DocHub - PDF Sign & Edit","7","6","61"
"825","526","2019-09-18 01:10:48.000000","Keep","oldestApp","Yes","In the previous week","Yes","Strongly agree","Disagree","Disagree","Lumin PDF","7","5","580"
"827","526","2021-03-01 06:36:54.000000","Keep","newestApp","Yes","Today","Yes","Strongly agree","Strongly disagree","Strongly disagree","Rakuten Cash Back","13","3","50"
"832","369","2021-03-28 21:58:41.000000","Remove","randomApp","Yes","In the previous month","No","Disagree","Agree","Agree","Bright Cellars","2","3","23"
"833","369","2021-04-07 14:02:54.000000","Keep","newestApp","Yes","In the previous week","Yes","Strongly agree","Strongly disagree","Neither agree nor disagree","DocHub - PDF Sign & Edit","7","6","13"
"834","369","2021-01-19 17:39:06.000000","Keep","oldestApp","Yes","In the previous month","Yes","Agree","Disagree","Neither agree nor disagree","Kami","3","9","91"
"836","385","2020-12-29 06:07:22.000000","Remove","randomApp","Yes","In the previous year","Yes","Disagree","Disagree","Neither agree nor disagree","Magic Jigsaw Puzzles - Puzzle Games","2","1","112"
"838","385","2019-06-26 11:20:35.000000","Keep","oldestApp","Yes","In the previous year","Yes","Agree","Neither agree nor disagree","Agree","Mobile Legends: Bang Bang","2","5","664"
"840","385","2021-01-03 05:41:37.000000","Remove","newestApp","No","Unsure","No","Neither agree nor disagree","Neither agree nor disagree","Neither agree nor disagree","War and Wit: Heroes Match 3","1","1","107"
"842","543","2020-11-01 01:20:46.000000","Remove","randomApp","No","Unsure","No","Strongly disagree","Strongly agree","Strongly agree","Blockudoku® - Block Puzzle Game","1","1","170"
"843","543","2021-03-11 03:20:06.000000","Remove","newestApp","Yes","In the previous year","Yes","Disagree","Neither agree nor disagree","Agree","Tuya Smart","1","3","40"
"844","543","2018-11-25 05:23:23.000000","Keep","oldestApp","Yes","Today","Yes","Agree","Neither agree nor disagree","Neither agree nor disagree","Viki: Stream Asian Drama, Movies and TV Shows","1","5","877"
"845","514","2020-01-12 22:21:06.000000","Keep","randomApp","Yes","Today","Yes","Agree","Disagree","Disagree","macOS","19","6","464"
"846","514","2021-01-09 05:10:57.000000","Keep","newestApp","Yes","In the previous week","Yes","Neither agree nor disagree","Disagree","Disagree","Zoom","16","5","101"
"847","514","2019-09-15 22:15:10.000000","Remove","oldestApp","Yes","More than a year ago","No","Strongly disagree","Strongly agree","Strongly agree","Dropbox","40","4","583"
"848","477","2019-06-21 03:21:18.000000","Keep","oldestApp","Yes","Today","Yes","Strongly agree","Strongly disagree","Strongly disagree","Mailbird","2","3","669"
"849","399","2019-12-14 02:39:46.000000","Keep","oldestApp","Yes","Today","Yes","Strongly agree","Strongly disagree","Disagree","Streak","2","6","493"
"850","399","2020-11-30 21:38:18.000000","Remove","newestApp","Yes","In the previous year","Yes","Disagree","Disagree","Agree","Apollo","1","5","141"
"851","541","2017-06-08 19:49:28.000000","Keep","oldestApp","Yes","Today","Yes","Agree","Disagree","Disagree","Amazon","3","5","1412"
"852","541","2021-01-11 18:03:16.000000","Keep","randomApp","Yes","More than a year ago","Yes","Agree","Neither agree nor disagree","Neither agree nor disagree","Dropbox","40","4","99"
"854","541","2021-02-18 12:42:06.000000","Keep","newestApp","Yes","Today","Yes","Agree","Disagree","Disagree","macOS","19","6","61"
"856","554","2021-01-15 20:45:19.000000","Keep","oldestApp","Yes","Today","Yes","Strongly agree","Disagree","Disagree","Zoom","16","5","95"
"857","554","2021-02-16 22:22:36.000000","Unsure","newestApp","Yes","In the previous week","Yes","Agree","Disagree","Neither agree nor disagree","Lumin PDF","7","5","63"
"858","554","2021-01-18 15:07:27.000000","Keep","randomApp","Yes","In the previous year","Yes","Agree","Disagree","Neither agree nor disagree","Fetch Rewards","6","3","92"
"859","498","2021-01-31 23:32:08.000000","Keep","newestApp","Yes","In the previous week","Yes","Strongly agree","Disagree","Disagree","LinkedIn","4","3","79"
"860","498","2020-04-15 15:52:53.000000","Keep","oldestApp","Yes","Today","Yes","Strongly agree","Disagree","Disagree","macOS","19","6","370"
"861","498","2021-01-07 18:41:41.000000","Keep","randomApp","Yes","Today","Yes","Strongly agree","Strongly agree","Strongly disagree","Microsoft apps & services","10","8","103"
"863","581","2015-05-29 15:13:43.000000","Keep","randomApp","Yes","Today","Yes","Strongly agree","Strongly disagree","Strongly disagree","macOS","19","6","2153"
"864","581","2019-10-14 22:38:01.000000","Keep","newestApp","Yes","In the previous month","Yes","Agree","Neither agree nor disagree","Disagree","Paribus","9","8","554"
"865","581","2014-06-02 12:18:43.000000","Keep","oldestApp","Yes","In the previous month","Yes","Agree","Neither agree nor disagree","Disagree","Slice","4","3","2514"
"866","607","2020-12-24 01:55:09.000000","Remove","randomApp","Yes","In the previous year","Yes","Disagree","Disagree","Agree","Bridge Constructor Portal","2","2","117"
"867","607","2017-05-23 22:27:35.000000","Keep","oldestApp","Yes","More than a year ago","Yes","Agree","Disagree","Disagree","Clash Royale","8","1","1428"
"870","607","2021-03-28 13:45:03.000000","Remove","newestApp","Yes","In the previous year","Yes","Disagree","Disagree","Agree","Pirate Kings™️","2","1","23"
"891","627","2021-01-18 19:20:33.000000","Unsure","randomApp","Unsure","In the previous year","Unsure","Neither agree nor disagree","Disagree","Neither agree nor disagree","Medieval Clicker Blacksmith - Best Idle Tap Games","1","2","92"
"893","627","2021-04-19 22:41:44.000000","Unsure","newestApp","Yes","In the previous week","Yes","Neither agree nor disagree","Disagree","Neither agree nor disagree","Mini Metro","1","2","1"
"897","627","2018-04-04 01:29:44.000000","Keep","oldestApp","Yes","Today","Yes","Agree","Disagree","Disagree","PlayStation Network","7","5","1112"
"929","577","2021-03-19 01:46:42.000000","Unsure","newestApp","Yes","In the previous month","Yes","Agree","Agree","Neither agree nor disagree","Shop: package & order tracker","32","3","32"
"933","584","2021-04-15 04:21:41.000000","Keep","newestApp","Yes","In the previous week","Yes","Agree","Disagree","Disagree","Clash of Clans","3","4","5"
"934","584","2021-01-02 21:30:58.000000","Keep","randomApp","Yes","In the previous month","Yes","Agree","Disagree","Disagree","Clash Royale","8","1","108"
"945","584","2017-12-03 19:49:57.000000","Keep","oldestApp","Yes","In the previous week","No","Disagree","Strongly agree","Agree","Rollercoaster Tycoon Classic","1","5","1234"
"947","615","2021-03-30 22:39:14.000000","Keep","newestApp","Yes","In the previous week","Yes","Strongly agree","Strongly disagree","Strongly disagree","Google Assistant on LG ThinQ TV","2","1","21"
"952","615","2019-07-28 17:15:06.000000","Keep","oldestApp","Yes","In the previous week","Yes","Agree","Disagree","Disagree","LinkedIn","4","3","632"
"959","615","2019-08-29 00:05:51.000000","Keep","randomApp","Yes","Today","Yes","Strongly agree","Strongly disagree","Strongly disagree","Todoist","1","1","600"
"962","618","2020-05-04 13:29:02.000000","Keep","oldestApp","Yes","Today","Yes","Strongly agree","Agree","Neither agree nor disagree","CloudReady Home Edition","1","1","351"
"964","604","2020-11-24 23:22:40.000000","Keep","newestApp","Yes","In the previous week","No","Neither agree nor disagree","Agree","Agree","Earny","3","5","147"
"967","604","2019-10-25 21:43:05.000000","Keep","randomApp","Yes","In the previous month","No","Disagree","Agree","Agree","Rakuten Cash Back","13","3","543"
"969","604","2017-04-17 18:57:36.000000","Keep","oldestApp","Yes","In the previous week","Yes","Strongly agree","Strongly disagree","Strongly disagree","WordStream","1","1","1464"
"970","622","2019-09-08 22:52:19.000000","Remove","oldestApp","Yes","More than a year ago","Yes","Disagree","Disagree","Disagree","academia.edu","2","3","590"
"971","622","2020-07-16 20:53:56.000000","Unsure","randomApp","No","Unsure","No","Disagree","Disagree","Disagree","ADP Recruiting Management","1","3","278"
"972","622","2021-03-10 01:45:52.000000","Unsure","newestApp","Yes","In the previous year","Yes","Neither agree nor disagree","Disagree","Disagree","DocHub - PDF Sign & Edit","7","6","41"
"975","570","2020-10-09 04:42:55.000000","Keep","newestApp","Yes","Today","No","Strongly agree","Disagree","Disagree","Grindr - Gay chat","2","4","193"
"976","570","2020-04-05 14:00:33.000000","Keep","oldestApp","Yes","Today","Yes","Strongly agree","Disagree","Disagree","Windows","29","8","380"
"977","556","2020-08-09 17:45:43.000000","Keep","oldestApp","Yes","In the previous year","Yes","Agree","Disagree","Disagree","Alto's Odyssey","2","2","254"
"978","556","2021-04-01 04:14:38.000000","Keep","newestApp","Yes","Today","Yes","Agree","Disagree","Disagree","Wellness","1","10","19"
