"participant_id","sso_how_secure","sso_how_data_used","sso_whether_delete","sso_whether_tell_change","sso_who_else","sso_how_often_review","app_how_secure","app_how_data_used","app_whether_delete","app_whether_tell_change","app_who_else","app_what_part_access","app_how_often_review","keep_choice_newest_app","recall_newest_app","last_use_newest_app","aware_prior_newest_app","access_beneficial_newest_app","access_concerned_newest_app","access_change_newest_app","keep_choice_random_app","recall_random_app","last_use_random_app","aware_prior_random_app","access_beneficial_random_app","access_concerned_random_app","access_change_random_app","keep_choice_oldest_app","recall_oldest_app","last_use_oldest_app","aware_prior_oldest_app","access_beneficial_oldest_app","access_concerned_oldest_app","access_change_oldest_app","rfl_understand_link","rfl_understand_access","rfl_change_settings","rfl_six_month_review","fut_remind","fut_reapprove","fut_approve_every","fut_block_data"
"48","Strongly agree","Strongly agree","Strongly agree","Strongly agree","Strongly agree","Yearly","Strongly agree","Strongly agree","Strongly agree","Strongly agree","Strongly agree","Strongly agree","Yearly","Keep","Yes","Today","Yes","Neither agree nor disagree","Neither agree nor disagree","Neither agree nor disagree","Keep","No","Unsure","No","Neither agree nor disagree","Neither agree nor disagree","Neither agree nor disagree","Keep","Yes","In the previous year","Unsure","Strongly disagree","Neither agree nor disagree","Neither agree nor disagree","Agree","Agree","Unsure","Unsure","Once a year","I do not want to reapprove apps","Neither agree nor disagree","Neither agree nor disagree"
"40","Agree","Agree","Agree","Agree","Agree","Monthly","Agree","Agree","Agree","Neither agree nor disagree","Strongly agree","Agree","Monthly","Keep","Yes","In the previous week","Yes","Strongly agree","Disagree","Strongly disagree","Unsure","Yes","In the previous month","Yes","Neither agree nor disagree","Neither agree nor disagree","Neither agree nor disagree","Keep","Yes","In the previous year","Yes","Agree","Neither agree nor disagree","Disagree","Strongly agree","Strongly agree","No","Yes","Once a month","I do not want to reapprove apps","Strongly disagree","Strongly disagree"
"58","Agree","Agree","Agree","Agree","Agree","Never","Agree","Agree","Agree","Agree","Agree","Agree","Never",,,,,,,,,,,,,,,"Unsure","No","In the previous year","No","Strongly disagree","Agree","Neither agree nor disagree","Agree","Agree","Yes","Yes","Once a month","Once a month","Neither agree nor disagree","Neither agree nor disagree"
"50","Disagree","Disagree","Neither agree nor disagree","Neither agree nor disagree","Disagree","Rarely","Neither agree nor disagree","Strongly disagree","Disagree","Disagree","Disagree","Strongly disagree","Rarely","Remove","Yes","In the previous month","Unsure","Agree","Disagree","Disagree","Keep","Unsure","In the previous year","Unsure","Neither agree nor disagree","Disagree","Disagree","Keep","No","Today","No","Disagree","Strongly disagree","Strongly disagree","Strongly agree","Strongly agree","Unsure","Yes","Once a year","Once a year","Strongly disagree","Strongly agree"
"55","Strongly agree","Strongly agree","Strongly agree","Neither agree nor disagree","Strongly agree","Weekly","Strongly agree","Strongly agree","Strongly agree","Neither agree nor disagree","Strongly agree","Strongly agree","Rarely","Keep","Yes","In the previous week","Yes","Strongly agree","Strongly disagree","Disagree",,,,,,,,"Keep","Yes","In the previous month","No","Neither agree nor disagree","Disagree","Disagree","Strongly agree","Strongly agree","No","Unsure","Once a month","Once a year","Neither agree nor disagree","Agree"
"36","Strongly agree","Agree","Agree","Agree","Strongly agree","Rarely",,,,,,,,,,,,,,,,,,,,,,,,,,,,,"Agree","Agree","Yes","Yes","Once a year","Once a year","Neither agree nor disagree","Agree"
"51","Agree","Neither agree nor disagree","Neither agree nor disagree","Neither agree nor disagree","Agree","Never","Neither agree nor disagree","Agree","Neither agree nor disagree","Neither agree nor disagree","Agree","Agree","Never","Unsure","Unsure","Unsure","No","Disagree","Agree","Agree","Keep","Yes","In the previous year","Yes","Strongly agree","Strongly disagree","Disagree","Keep","Yes","In the previous year","Yes","Neither agree nor disagree","Disagree","Agree","Agree","Agree","Yes","Unsure","Once a year","Once a year","Disagree","Neither agree nor disagree"
"27","Agree","Strongly agree","Strongly agree","Strongly agree","Strongly agree","Yearly","Agree","Strongly agree","Strongly agree","Strongly agree","Strongly agree","Strongly agree","Monthly","Keep","No","Unsure","No","Strongly disagree","Strongly disagree","Strongly disagree",,,,,,,,"Keep","Yes","Today","Yes","Neither agree nor disagree","Neither agree nor disagree","Agree","Agree","Agree","Yes","Yes","Once a month","Once a month","Agree","Agree"
"62",,,,,,,,,,,,,,,,,,,,,,,,,,,,,,,,,,,"Agree","Agree","No","Yes","Once a year","Once a year","Disagree","Disagree"
"77","Agree","Neither agree nor disagree","Neither agree nor disagree","Agree","Neither agree nor disagree","Never","Agree","Neither agree nor disagree","Neither agree nor disagree","Neither agree nor disagree","Neither agree nor disagree","Neither agree nor disagree","Never","Keep","Yes","Today","Yes","Strongly agree","Disagree","Strongly disagree",,,,,,,,"Remove","Yes","More than a year ago","Yes","Strongly disagree","Agree","Strongly agree","Agree","Agree","Yes","Unsure","Once a year","Once a year","Disagree","Strongly agree"
"78","Agree","Disagree","Disagree","Agree","Agree","Rarely",,,,,,,,,,,,,,,,,,,,,,,,,,,,,"Agree","Agree","Unsure","Yes","Once a month","Once a month","Agree","Agree"
"61","Agree","Disagree","Agree","Neither agree nor disagree","Agree","Rarely","Agree","Strongly agree","Strongly agree","Agree","Strongly agree","Strongly agree","Never","Remove","No","Unsure","No","Strongly disagree","Strongly agree","Strongly agree",,,,,,,,"Keep","Yes","In the previous year","Unsure","Strongly agree","Disagree","Disagree","Strongly agree","Strongly agree","Yes","Yes","Once a year","Once a year","Neither agree nor disagree","Agree"
"68",,,,,,,,,,,,,,,,,,,,,,,,,,,,,,,,,,,"Agree","Agree","No","Yes","Once a month","Once a year","Disagree","Strongly agree"
"73","Agree","Agree","Neither agree nor disagree","Neither agree nor disagree","Agree","Rarely","Agree","Agree","Neither agree nor disagree","Neither agree nor disagree","Agree","Strongly agree","Rarely","Remove","No","Unsure","No","Strongly disagree","Agree","Strongly agree","Remove","Yes","In the previous year","Yes","Disagree","Disagree","Disagree","Keep","Yes","In the previous month","Yes","Agree","Disagree","Disagree","Agree","Agree","Yes","Unsure","Once a month","Once a year","Neither agree nor disagree","Strongly agree"
"65","Agree","Agree","Agree","Agree","Agree","Rarely","Agree","Agree","Agree","Agree","Agree","Agree","Rarely",,,,,,,,,,,,,,,"Keep","Yes","In the previous week","Yes","Agree","Disagree","Disagree","Agree","Agree","No","No","Once a year","Once a year","Disagree","Agree"
"85","Strongly agree","Strongly agree","Strongly agree","Disagree","Strongly agree","Rarely","Agree","Strongly agree","Strongly agree","Disagree","Strongly agree","Strongly agree","Rarely","Keep","Yes","In the previous week","Yes","Strongly agree","Strongly disagree","Strongly disagree","Remove","No","Unsure","No","Strongly disagree","Agree","Strongly agree","Remove","Yes","In the previous year","Yes","Strongly disagree","Strongly disagree","Strongly disagree","Strongly agree","Strongly agree","Yes","Yes","Once a month","Once a year","Disagree","Strongly agree"
"79","Agree","Agree","Neither agree nor disagree","Neither agree nor disagree","Agree","Yearly","Agree","Agree","Agree","Neither agree nor disagree","Neither agree nor disagree","Strongly agree","Yearly","Keep","Yes","In the previous month","Yes","Neither agree nor disagree","Neither agree nor disagree","Neither agree nor disagree","Remove","Yes","More than a year ago","Yes","Strongly disagree","Strongly disagree","Strongly agree","Keep","Yes","In the previous week","Yes","Neither agree nor disagree","Neither agree nor disagree","Disagree","Strongly agree","Strongly agree","Yes","Yes","Once a month","Once a year","Agree","Strongly agree"
"92",,,,,,,,,,,,,,,,,,,,,,,,,,,,,,,,,,,"Agree","Agree","Unsure","Yes","Once a month","Once a year","Agree","Strongly agree"
"164","Neither agree nor disagree","Disagree","Disagree","Disagree","Disagree","Never",,,,,,,,,,,,,,,,,,,,,,,,,,,,,"Strongly agree","Strongly agree","Yes","Yes","Once a month","Once a year","Agree","Strongly agree"
"131","Agree","Agree","Agree","Agree","Agree","Rarely",,,,,,,,,,,,,,,,,,,,,,,,,,,,,"Agree","Agree","Yes","Yes","Once a month","Once a month","Strongly agree","Strongly agree"
"113","Agree","Agree","Strongly agree","Agree","Strongly agree","Rarely","Strongly agree","Strongly agree","Agree","Strongly agree","Strongly agree","Strongly agree","Rarely","Keep","Yes","Today","Yes","Disagree","Disagree","Agree","Remove","Yes","In the previous year","Yes","Strongly disagree","Agree","Strongly agree","Keep","Yes","Today","Yes","Disagree","Agree","Agree","Strongly agree","Strongly agree","Yes","Yes","Once a month","Once a month","Strongly agree","Strongly agree"
"124","Neither agree nor disagree","Neither agree nor disagree","Strongly agree","Neither agree nor disagree","Neither agree nor disagree","Never","Neither agree nor disagree","Strongly agree","Neither agree nor disagree","Neither agree nor disagree","Neither agree nor disagree","Neither agree nor disagree","Never",,,,,,,,,,,,,,,"Keep","Yes","In the previous week","No","Neither agree nor disagree","Agree","Agree","Strongly agree","Agree","Yes","Yes","Once a week","Once a week","Strongly agree","Strongly agree"
"148","Agree","Agree","Strongly agree","Agree","Agree","Rarely",,,,,,,,,,,,,,,,,,,,,,,,,,,,,"Strongly agree","Strongly agree","Unsure","Yes","Once a month","Once a month","Neither agree nor disagree","Strongly agree"
"99","Agree","Agree","Neither agree nor disagree","Strongly disagree","Strongly disagree","Rarely","Agree","Strongly disagree","Neither agree nor disagree","Disagree","Strongly disagree","Strongly disagree","Rarely","Unsure","No","In the previous month","No","Disagree","Agree","Agree","Keep","Yes","In the previous year","Yes","Agree","Strongly disagree","Disagree","Unsure","Yes","In the previous year","Yes","Disagree","Neither agree nor disagree","Agree","Agree","Agree","Yes","Yes","Once a month","Once a year","Disagree","Strongly agree"
"153","Agree","Strongly agree","Neither agree nor disagree","Neither agree nor disagree","Agree","Rarely","Strongly agree","Agree","Neither agree nor disagree","Neither agree nor disagree","Agree","Agree","Rarely",,,,,,,,,,,,,,,"Keep","Yes","In the previous week","Yes","Agree","Strongly disagree","Disagree","Strongly agree","Strongly agree","No","Yes","Once a year","Once a year","Neither agree nor disagree","Agree"
"95",,,,,,,,,,,,,,,,,,,,,,,,,,,,,,,,,,,"Disagree","Agree","No","Yes","I do not want to be reminded","Once a year","Agree","Strongly agree"
"161","Agree","Agree","Agree","Agree","Neither agree nor disagree","Daily","Agree","Agree","Neither agree nor disagree","Agree","Agree","Neither agree nor disagree","Daily",,,,,,,,,,,,,,,"Keep","Yes","Today","Yes","Agree","Neither agree nor disagree","Agree","Agree","Agree","Unsure","Yes","Once a week","Once a month","Agree","Agree"
"107",,,,,,,,,,,,,,,,,,,,,,,,,,,,,,,,,,,"Agree","Strongly agree","Yes","Yes","Once a month","Once a month","Strongly agree","Agree"
"143","Strongly agree","Agree","Neither agree nor disagree","Strongly disagree","Neither agree nor disagree","Monthly","Strongly agree","Agree","Disagree","Disagree","Agree","Neither agree nor disagree","Monthly","Keep","Yes","In the previous month","Yes","Strongly agree","Neither agree nor disagree","Disagree",,,,,,,,"Keep","Yes","In the previous week","Yes","Strongly agree","Neither agree nor disagree","Disagree","Strongly agree","Strongly agree","No","Yes","Once a month","Once a month","Neither agree nor disagree","Agree"
"129","Neither agree nor disagree","Agree","Neither agree nor disagree","Disagree","Neither agree nor disagree","Rarely","Neither agree nor disagree","Agree","Disagree","Disagree","Neither agree nor disagree","Agree","Monthly","Unsure","Yes","In the previous year","Yes","Agree","Neither agree nor disagree","Agree",,,,,,,,"Keep","Unsure","In the previous year","No","Neither agree nor disagree","Agree","Neither agree nor disagree","Neither agree nor disagree","Agree","Unsure","Unsure","Once a week","Once a week","Neither agree nor disagree","Agree"
"151","Agree","Agree","Disagree","Disagree","Disagree","Never",,,,,,,,,,,,,,,,,,,,,,,,,,,,,"Strongly agree","Agree","Yes","Unsure","Once a month","Once a year","Neither agree nor disagree","Agree"
"130","Agree","Agree","Agree","Agree","Agree","Rarely",,,,,,,,,,,,,,,,,,,,,,,,,,,,,"Strongly agree","Agree","Yes","Yes","Once a month","Once a month","Neither agree nor disagree","Strongly agree"
"158","Agree","Agree","Agree","Agree","Agree","Rarely","Neither agree nor disagree","Neither agree nor disagree","Neither agree nor disagree","Neither agree nor disagree","Neither agree nor disagree","Neither agree nor disagree","Rarely","Unsure","Unsure","Unsure","Unsure","Strongly disagree","Neither agree nor disagree","Neither agree nor disagree","Keep","Yes","In the previous week","Yes","Agree","Strongly disagree","Strongly disagree","Unsure","Yes","Today","Yes","Agree","Neither agree nor disagree","Neither agree nor disagree","Agree","Agree","Unsure","Yes","Once a month","Once a month","Strongly agree","Strongly agree"
"125","Agree","Agree","Agree","Agree","Agree","Never","Agree","Agree","Agree","Agree","Agree","Agree","Never","Remove","No","Unsure","No","Disagree","Agree","Agree","Keep","Yes","In the previous month","Yes","Agree","Strongly disagree","Strongly disagree","Keep","Yes","Today","Yes","Agree","Neither agree nor disagree","Disagree","Strongly agree","Strongly agree","Yes","No","Once a year","Once a year","Strongly agree","Agree"
"150","Agree","Agree","Agree","Disagree","Agree","Rarely",,,,,,,,,,,,,,,,,,,,,,,,,,,,,"Strongly agree","Strongly agree","Yes","Yes","Once a month","Once a year","Strongly agree","Strongly agree"
"149","Agree","Agree","Neither agree nor disagree","Strongly disagree","Disagree","Rarely","Disagree","Disagree","Neither agree nor disagree","Strongly disagree","Agree","Agree","Yearly","Remove","Unsure","Unsure","Unsure","Strongly disagree","Strongly disagree","Strongly agree","Remove","Unsure","Unsure","Unsure","Neither agree nor disagree","Disagree","Neither agree nor disagree","Keep","Unsure","In the previous week","Unsure","Neither agree nor disagree","Agree","Neither agree nor disagree","Agree","Strongly agree","Yes","Yes","Once a year","Once a year","Disagree","Strongly agree"
"98","Agree","Strongly agree","Agree","Strongly agree","Strongly agree","Monthly","Strongly agree","Agree","Strongly agree","Strongly agree","Strongly agree","Agree","Monthly","Keep","Yes","In the previous month","Yes","Strongly agree","Strongly disagree","Strongly disagree","Keep","Yes","In the previous year","Yes","Agree","Disagree","Disagree","Keep","Yes","Today","Yes","Neither agree nor disagree","Neither agree nor disagree","Neither agree nor disagree","Agree","Agree","Yes","Yes","Once a month","Once a year","Agree","Strongly agree"
"156",,,,,,,,,,,,,,,,,,,,,,,,,,,,,,,,,,,"Agree","Strongly agree","Yes","Yes","Once a year","Once a year","Agree","Strongly agree"
"137","Agree","Agree","Strongly agree","Strongly agree","Strongly agree","Monthly","Agree","Agree","Strongly agree","Agree","Agree","Agree","Monthly","Remove","Yes","In the previous year","Yes","Neither agree nor disagree","Neither agree nor disagree","Disagree",,,,,,,,"Keep","Yes","Today","Yes","Strongly agree","Disagree","Disagree","Agree","Agree","No","Yes","Once a month","Once a month","Agree","Strongly agree"
"100","Agree","Agree","Agree","Agree","Agree","Rarely","Agree","Agree","Agree","Agree","Agree","Agree","Rarely",,,,,,,,,,,,,,,"Keep","Yes","In the previous week","Yes","Neither agree nor disagree","Disagree","Agree","Strongly agree","Strongly agree","Unsure","Unsure","Once a month","Once a month","Strongly agree","Strongly agree"
"121","Agree","Agree","Agree","Agree","Agree","Rarely","Agree","Agree","Agree","Agree","Agree","Agree","Rarely","Remove","Yes","In the previous year","Yes","Strongly disagree","Strongly disagree","Strongly agree","Keep","Yes","Today","Yes","Agree","Disagree","Strongly disagree","Keep","Yes","Today","Yes","Neither agree nor disagree","Agree","Neither agree nor disagree","Strongly agree","Strongly agree","Yes","Yes","Once a week","Once a month","Agree","Strongly agree"
"126","Agree","Agree","Agree","Agree","Agree","Yearly",,,,,,,,,,,,,,,,,,,,,,,,,,,,,"Agree","Agree","Unsure","Yes","Once a year","Once a year","Agree","Strongly agree"
"133",,,,,,,,,,,,,,,,,,,,,,,,,,,,,,,,,,,"Strongly agree","Agree","Yes","Yes","Once a month","Once a month","Agree","Neither agree nor disagree"
"127","Strongly agree","Agree","Agree","Strongly agree","Agree","Rarely","Strongly agree","Agree","Agree","Strongly agree","Strongly agree","Strongly agree","Rarely","Keep","Yes","In the previous week","Yes","Agree","Strongly disagree","Strongly disagree","Keep","Yes","In the previous week","Yes","Agree","Agree","Strongly disagree","Keep","Yes","Today","Yes","Strongly agree","Strongly disagree","Strongly disagree","Strongly agree","Strongly agree","No","Yes","Once a year","Once a year","Strongly disagree","Disagree"
"155","Strongly agree","Strongly agree","Agree","Strongly agree","Strongly agree","Monthly","Strongly agree","Strongly agree","Strongly agree","Strongly agree","Strongly agree","Strongly agree","Monthly","Keep","Yes","Today","Yes","Agree","Disagree","Agree","Remove","Yes","In the previous month","Yes","Disagree","Strongly agree","Strongly agree","Keep","Yes","In the previous week","Yes","Strongly agree","Disagree","Disagree","Strongly agree","Strongly agree","Yes","Yes","Once a month","Once a month","Strongly agree","Strongly agree"
"104","Agree","Agree","Agree","Agree","Agree","Rarely","Agree","Agree","Agree","Agree","Agree","Agree","Rarely",,,,,,,,,,,,,,,"Remove","No","Unsure","No","Strongly disagree","Strongly agree","Strongly agree","Agree","Agree","Yes","Yes","Once a month","Once a year","Disagree","Agree"
"29","Agree","Agree","Agree","Agree","Agree","Daily",,,,,,,,,,,,,,,,,,,,,,,,,,,,,"Agree","Neither agree nor disagree","No","Unsure","Once a month","Once a year","Neither agree nor disagree","Agree"
"135","Disagree","Disagree","Disagree","Disagree","Disagree","Never","Disagree","Disagree","Disagree","Disagree","Disagree","Disagree","Never","Remove","No","Unsure","No","Strongly disagree","Strongly agree","Strongly agree","Remove","Yes","In the previous year","Yes","Strongly disagree","Strongly agree","Strongly agree","Keep","No","Today","Yes","Agree","Disagree","Disagree","Strongly agree","Strongly agree","Yes","Yes","Once a year","Once a year","Strongly agree","Strongly agree"
"142","Agree","Agree","Strongly agree","Neither agree nor disagree","Neither agree nor disagree","Monthly","Neither agree nor disagree","Neither agree nor disagree","Agree","Agree","Neither agree nor disagree","Agree","Monthly",,,,,,,,,,,,,,,"Remove","Unsure","In the previous month","Unsure","Disagree","Agree","Neither agree nor disagree","Agree","Neither agree nor disagree","No","Unsure","Once a month","Once a year","Neither agree nor disagree","Neither agree nor disagree"
"227","Neither agree nor disagree","Agree","Agree","Neither agree nor disagree","Neither agree nor disagree","Rarely","Neither agree nor disagree","Neither agree nor disagree","Disagree","Disagree","Disagree","Neither agree nor disagree","Rarely","Keep","Yes","In the previous month","Yes","Strongly agree","Strongly disagree","Strongly disagree",,,,,,,,"Keep","Yes","In the previous year","Yes","Agree","Strongly disagree","Strongly disagree","Strongly agree","Strongly agree","No","Yes","Once a month","Once a month","Disagree","Agree"
"190","Agree","Neither agree nor disagree","Neither agree nor disagree","Agree","Agree","Weekly","Agree","Agree","Neither agree nor disagree","Neither agree nor disagree","Disagree","Neither agree nor disagree","Daily","Remove","No","Today","No","Disagree","Strongly disagree","Disagree",,,,,,,,"Remove","Yes","Today","No","Disagree","Disagree","Strongly disagree","Neither agree nor disagree","Disagree","No","Yes","Once a year","Once a year","Neither agree nor disagree","Agree"
"224","Agree","Agree","Agree","Agree","Agree","Rarely","Agree","Agree","Agree","Agree","Agree","Agree","Rarely","Keep","Yes","In the previous month","Yes","Agree","Disagree","Disagree","Remove","Yes","In the previous year","Yes","Disagree","Agree","Agree","Keep","Yes","More than a year ago","Yes","Agree","Disagree","Disagree","Agree","Agree","Yes","Yes","Once a year","Once a year","Disagree","Strongly agree"
"221","Strongly agree","Strongly agree","Strongly agree","Strongly agree","Strongly agree","Rarely",,,,,,,,,,,,,,,,,,,,,,,,,,,,,"Strongly agree","Strongly agree","Unsure","Yes","Once a month","Once a year","Disagree","Agree"
"189","Agree","Agree","Neither agree nor disagree","Neither agree nor disagree","Neither agree nor disagree","Never","Agree","Agree","Agree","Agree","Neither agree nor disagree","Neither agree nor disagree","Never","Keep","Yes","In the previous year","Yes","Agree","Disagree","Disagree","Remove","Yes","In the previous year","Yes","Neither agree nor disagree","Disagree","Neither agree nor disagree","Remove","Yes","Today","Unsure","Strongly agree","Strongly agree","Neither agree nor disagree","Strongly agree","Strongly agree","Yes","Yes","Once a month","Once a month","Agree","Strongly agree"
"208","Agree","Agree","Agree","Agree","Agree","Rarely","Agree","Agree","Agree","Agree","Agree","Agree","Rarely","Keep","No","Unsure","No","Neither agree nor disagree","Disagree","Disagree","Keep","Yes","Today","Unsure","Agree","Disagree","Disagree","Keep","Yes","Today","Yes","Strongly agree","Disagree","Disagree","Agree","Agree","Yes","No","Once a year","Once a month","Agree","Agree"
"181",,,,,,,,,,,,,,,,,,,,,,,,,,,,,,,,,,,"Strongly agree","Strongly agree","No","Yes","Once a year","Once a year","Strongly disagree","Strongly agree"
"200","Strongly agree","Agree","Disagree","Disagree","Disagree","Rarely","Strongly agree","Strongly agree","Agree","Neither agree nor disagree","Disagree","Disagree","Rarely",,,,,,,,,,,,,,,"Keep","Yes","In the previous week","No","Agree","Disagree","Neither agree nor disagree","Agree","Agree","Yes","Yes","Once a month","Once a year","Disagree","Agree"
"166","Agree","Agree","Neither agree nor disagree","Neither agree nor disagree","Strongly agree","Rarely","Agree","Agree","Neither agree nor disagree","Neither agree nor disagree","Agree","Agree","Rarely","Unsure","Yes","In the previous week","Unsure","Neither agree nor disagree","Disagree","Agree","Unsure","Yes","Today","Yes","Agree","Neither agree nor disagree","Disagree","Keep","Yes","Today","Yes","Strongly agree","Disagree","Neither agree nor disagree","Agree","Agree","No","No","Once a year","Once a year","Agree","Neither agree nor disagree"
"119","Disagree","Agree","Agree","Disagree","Agree","Rarely","Agree","Agree","Agree","Agree","Agree","Agree","Rarely","Keep","Yes","In the previous week","Yes","Agree","Disagree","Neither agree nor disagree","Unsure","No","Unsure","No","Disagree","Disagree","Disagree","Remove","Yes","More than a year ago","Yes","Disagree","Disagree","Neither agree nor disagree","Strongly agree","Strongly agree","Yes","Yes","Once a month","Once a year","Strongly agree","Strongly agree"
"212","Agree","Agree","Agree","Neither agree nor disagree","Agree","Rarely","Agree","Agree","Agree","Neither agree nor disagree","Agree","Agree","Rarely",,,,,,,,,,,,,,,"Keep","Yes","In the previous week","Yes","Agree","Disagree","Disagree","Agree","Agree","No","No","I do not want to be reminded","I do not want to reapprove apps","Disagree","Agree"
"178","Strongly agree","Strongly agree","Neither agree nor disagree","Agree","Disagree","Rarely","Strongly agree","Strongly agree","Strongly agree","Strongly agree","Agree","Strongly agree","Monthly","Unsure","No","Unsure","No","Neither agree nor disagree","Neither agree nor disagree","Neither agree nor disagree","Keep","Yes","Today","Yes","Agree","Agree","Agree","Keep","Yes","In the previous month","Yes","Agree","Disagree","Disagree","Strongly agree","Strongly agree","Yes","Yes","Once every three years","Once every three years","Neither agree nor disagree","Agree"
"210","Agree","Agree","Agree","Agree","Agree","Never","Agree","Agree","Agree","Agree","Agree","Agree","Never","Remove","No","Unsure","Unsure","Neither agree nor disagree","Agree","Strongly agree",,,,,,,,"Unsure","Unsure","In the previous week","Unsure","Neither agree nor disagree","Agree","Agree","Agree","Agree","Yes","Yes","Once a year","Once a year","Agree","Agree"
"217","Agree","Agree","Agree","Agree","Agree","Rarely","Agree","Agree","Agree","Agree","Agree","Agree","Rarely",,,,,,,,,,,,,,,"Keep","Yes","In the previous week","Yes","Agree","Disagree","Disagree","Agree","Agree","No","Yes","Once a month","Once a month","Agree","Agree"
"193","Agree","Agree","Strongly agree","Agree","Strongly agree","Never","Agree","Strongly agree","Strongly agree","Agree","Agree","Strongly agree","Never","Remove","No","Unsure","No","Strongly disagree","Agree","Strongly agree",,,,,,,,"Keep","Yes","Today","Yes","Strongly agree","Disagree","Disagree","Strongly agree","Strongly agree","Yes","Unsure","Once a year","Once a year","Disagree","Agree"
"218","Strongly agree","Strongly agree","Strongly agree","Strongly agree","Strongly agree","Rarely","Strongly agree","Strongly agree","Strongly agree","Strongly agree","Strongly agree","Strongly agree","Rarely","Keep","Yes","Today","Yes","Strongly agree","Neither agree nor disagree","Strongly disagree","Keep","Yes","In the previous month","Yes","Neither agree nor disagree","Strongly disagree","Strongly disagree","Keep","Yes","Today","Yes","Strongly agree","Strongly agree","Strongly agree","Strongly agree","Strongly agree","No","No","Once a month","Once a year","Disagree","Agree"
"198","Strongly agree","Agree","Agree","Neither agree nor disagree","Strongly agree","Yearly",,,,,,,,,,,,,,,,,,,,,,,,,,,,,"Strongly agree","Agree","Yes","Yes","Once a year","Once a year","Disagree","Agree"
"196","Agree","Agree","Agree","Agree","Agree","Rarely","Agree","Agree","Agree","Agree","Agree","Agree","Rarely","Unsure","No","Unsure","No","Strongly disagree","Agree","Neither agree nor disagree","Keep","Yes","Today","Yes","Strongly disagree","Strongly disagree","Strongly disagree","Keep","Unsure","Unsure","No","Neither agree nor disagree","Disagree","Disagree","Agree","Agree","No","Yes","Once a month","Once a year","Neither agree nor disagree","Agree"
"183","Agree","Agree","Agree","Neither agree nor disagree","Agree","Monthly","Agree","Agree","Neither agree nor disagree","Neither agree nor disagree","Agree","Agree","Monthly","Remove","Unsure","More than a year ago","No","Disagree","Agree","Agree","Remove","No","In the previous week","No","Strongly disagree","Neither agree nor disagree","Neither agree nor disagree","Remove","Yes","More than a year ago","Yes","Neither agree nor disagree","Neither agree nor disagree","Agree","Agree","Agree","Yes","Yes","Once a month","Once a month","Agree","Agree"
"176","Agree","Agree","Agree","Agree","Agree","Rarely","Strongly agree","Strongly agree","Agree","Agree","Strongly agree","Strongly agree","Rarely",,,,,,,,,,,,,,,"Keep","Yes","In the previous month","Yes","Agree","Disagree","Disagree","Strongly agree","Strongly agree","No","Unsure","Once a year","Once a year","Agree","Agree"
"214","Agree","Disagree","Agree","Agree","Strongly agree","Rarely","Agree","Strongly agree","Disagree","Neither agree nor disagree","Strongly agree","Strongly agree","Rarely",,,,,,,,,,,,,,,"Keep","Yes","In the previous month","No","Disagree","Agree","Agree","Agree","Strongly agree","Yes","Yes","Once a month","Once a month","Strongly agree","Agree"
"184","Agree","Agree","Neither agree nor disagree","Neither agree nor disagree","Agree","Rarely","Agree","Agree","Neither agree nor disagree","Agree","Agree","Strongly agree","Rarely","Keep","Yes","Today","Yes","Strongly agree","Disagree","Neither agree nor disagree","Keep","Yes","Unsure","Yes","Agree","Disagree","Agree","Keep","Yes","More than a year ago","Yes","Agree","Disagree","Disagree","Agree","Agree","No","Unsure","Once a year","Once a year","Agree","Agree"
"182","Agree","Agree","Agree","Agree","Agree","Monthly",,,,,,,,,,,,,,,,,,,,,,,,,,,,,"Agree","Agree","Unsure","Unsure","Once a month","Once a month","Neither agree nor disagree","Agree"
"271","Agree","Agree","Agree","Agree","Agree","Yearly","Agree","Agree","Agree","Agree","Agree","Agree","Yearly","Keep","Yes","Today","Yes","Strongly agree","Disagree","Disagree","Keep","Yes","In the previous month","Yes","Agree","Disagree","Disagree","Keep","Yes","In the previous month","Yes","Agree","Disagree","Disagree","Strongly agree","Strongly agree","No","Yes","Once a month","Once a year","Disagree","Strongly agree"
"252","Agree","Agree","Agree","Agree","Strongly agree","Yearly","Agree","Agree","Agree","Agree","Strongly agree","Strongly agree","Yearly","Keep","Yes","Today","Yes","Agree","Disagree","Disagree",,,,,,,,,,,,,,,"Strongly agree","Strongly agree","Unsure","Yes","Once a month","Once a month","Agree","Agree"
"294",,,,,,,,,,,,,,,,,,,,,,,,,,,,,,,,,,,"Strongly agree","Strongly agree","Yes","Yes","Once a month","Once a year","Agree","Strongly agree"
"274","Strongly agree","Strongly agree","Strongly agree","Strongly agree","Strongly agree","Rarely","Strongly agree","Strongly agree","Strongly agree","Strongly agree","Strongly agree","Strongly agree","Rarely",,,,,,,,,,,,,,,"Keep","Yes","In the previous week","No","Agree","Agree","Neither agree nor disagree","Agree","Agree","Unsure","Unsure","Once a week","Once a week","Strongly agree","Strongly agree"
"226","Agree","Agree","Strongly agree","Agree","Agree","Rarely","Agree","Agree","Neither agree nor disagree","Agree","Agree","Neither agree nor disagree","Rarely",,,,,,,,,,,,,,,"Keep","Yes","In the previous year","Yes","Strongly agree","Disagree","Strongly disagree","Agree","Agree","No","Yes","Once a year","Once a year","Neither agree nor disagree","Agree"
"264","Neither agree nor disagree","Neither agree nor disagree","Neither agree nor disagree","Neither agree nor disagree","Neither agree nor disagree","Rarely","Agree","Agree","Agree","Neither agree nor disagree","Agree","Neither agree nor disagree","Rarely","Remove","Unsure","Unsure","No","Strongly disagree","Agree","Agree",,,,,,,,"Remove","Yes","Unsure","No","Disagree","Agree","Agree","Agree","Agree","Yes","Yes","Once a month","Once a month","Agree","Strongly agree"
"236","Agree","Agree","Agree","Agree","Agree","Monthly","Agree","Agree","Agree","Agree","Agree","Agree","Monthly","Remove","Yes","In the previous month","Yes","Agree","Neither agree nor disagree","Agree","Keep","Yes","In the previous week","Yes","Agree","Agree","Disagree","Keep","Yes","Today","Yes","Strongly agree","Strongly disagree","Strongly disagree","Strongly agree","Strongly agree","Yes","Yes","Once a month","Once a year","Agree","Strongly agree"
"272","Neither agree nor disagree","Neither agree nor disagree","Disagree","Disagree","Disagree","Never","Disagree","Disagree","Disagree","Disagree","Disagree","Disagree","Never",,,,,,,,,,,,,,,"Keep","Yes","In the previous month","Yes","Agree","Disagree","Disagree","Strongly agree","Strongly agree","No","No","I do not want to be reminded","I do not want to reapprove apps","Disagree","Neither agree nor disagree"
"251","Agree","Agree","Neither agree nor disagree","Agree","Agree","Rarely","Agree","Agree","Agree","Agree","Agree","Agree","Rarely",,,,,,,,,,,,,,,"Keep","Yes","In the previous month","Yes","Agree","Neither agree nor disagree","Neither agree nor disagree","Agree","Agree","Unsure","Unsure","Once a month","Once a year","Neither agree nor disagree","Agree"
"286","Disagree","Strongly agree","Agree","Agree","Strongly agree","Rarely",,,,,,,,,,,,,,,,,,,,,,,,,,,,,"Strongly agree","Strongly agree","Yes","Yes","Once a month","Once a year","Agree","Strongly agree"
"240","Strongly agree","Strongly agree","Strongly agree","Strongly agree","Strongly agree","Weekly",,,,,,,,,,,,,,,,,,,,,,,,,,,,,"Strongly agree","Strongly agree","No","Unsure","Once a month","Once a month","Disagree","Strongly agree"
"279","Strongly agree","Agree","Neither agree nor disagree","Neither agree nor disagree","Agree","Rarely",,,,,,,,,,,,,,,,,,,,,,,,,,,,,"Agree","Disagree","No","Unsure","Once a year","Once a year","Disagree","Agree"
"257",,,,,,,,,,,,,,,,,,,,,,,,,,,,,,,,,,,"Agree","Agree","No","Yes","Once a month","Once a month","Strongly agree","Strongly agree"
"243",,,,,,,"Agree","Agree","Disagree","Disagree","Strongly agree","Agree","Rarely","Keep","Yes","Today","Yes","Strongly agree","Strongly disagree","Strongly disagree","Keep","Yes","Today","Yes","Strongly agree","Strongly disagree","Strongly disagree","Keep","Yes","In the previous month","Yes","Strongly agree","Strongly disagree","Strongly disagree","Strongly agree","Strongly agree","No","Yes","Once a year","Once a year","Strongly agree","Strongly agree"
"203","Strongly agree","Strongly agree","Agree","Neither agree nor disagree","Agree","Rarely",,,,,,,,,,,,,,,,,,,,,,,,,,,,,"Strongly agree","Agree","Unsure","Unsure","Once a week","Once a month","Neither agree nor disagree","Agree"
"249","Strongly agree","Strongly agree","Agree","Neither agree nor disagree","Agree","Rarely",,,,,,,,,,,,,,,,,,,,,,,,,,,,,"Strongly agree","Agree","No","Yes","Once a month","Once a year","Agree","Strongly agree"
"288","Agree","Agree","Disagree","Disagree","Agree","Never","Strongly agree","Strongly agree","Agree","Agree","Agree","Neither agree nor disagree","Never","Keep","Yes","In the previous year","Yes","Agree","Disagree","Disagree","Keep","Yes","In the previous year","Yes","Agree","Disagree","Disagree","Unsure","No","In the previous year","No","Agree","Disagree","Disagree","Strongly agree","Strongly agree","Unsure","Yes",,,,
"357","Disagree","Neither agree nor disagree","Disagree","Agree","Agree","Rarely","Agree","Agree","Disagree","Agree","Agree","Agree","Rarely","Unsure","Yes","In the previous year","Yes","Agree","Disagree","Disagree","Keep","Yes","In the previous year","Yes","Neither agree nor disagree","Disagree","Disagree","Keep","Yes","Today","Unsure","Neither agree nor disagree","Disagree","Disagree","Agree","Agree","No","Unsure","Once a year","Once a year","Disagree","Agree"
"322","Agree","Disagree","Strongly disagree","Strongly disagree","Disagree","Never","Agree","Disagree","Disagree","Disagree","Disagree","Agree","Never","Unsure","Yes","In the previous week","Yes","Strongly disagree","Disagree","Disagree","Unsure","Yes","In the previous week","Yes","Strongly disagree","Disagree","Disagree","Remove","No","Unsure","No","Strongly disagree","Neither agree nor disagree","Agree","Strongly agree","Strongly agree","No","No","Once a year","Once a year","Disagree","Agree"
"302","Agree","Strongly agree","Strongly disagree","Neither agree nor disagree","Agree","Never","Strongly agree","Strongly agree","Agree","Agree","Strongly agree","Strongly agree","Never","Remove","Yes","In the previous month","Yes","Strongly disagree","Neither agree nor disagree","Strongly agree","Keep","Yes","In the previous week","Yes","Neither agree nor disagree","Strongly disagree","Disagree","Remove","Yes","Today","Yes","Agree","Disagree","Neither agree nor disagree","Strongly agree","Agree","Yes","No","Once a month","Once a month","Agree","Strongly agree"
"304","Agree","Strongly agree","Strongly agree","Agree","Agree","Yearly","Strongly agree","Strongly agree","Strongly agree","Strongly agree","Strongly agree","Strongly agree","Yearly",,,,,,,,,,,,,,,"Keep","Yes","Today","Yes","Strongly agree","Strongly disagree","Strongly disagree","Strongly agree","Strongly agree","No","Yes","Once a year","I do not want to reapprove apps","Strongly disagree","Strongly agree"
"325",,,,,,,,,,,,,,,,,,,,,,,,,,,,,,,,,,,"Strongly agree","Strongly agree","No","Yes","Once a month","Once a month","Agree","Agree"
"321","Agree","Agree","Neither agree nor disagree","Disagree","Disagree","Rarely",,,,,,,,,,,,,,,,,,,,,,,,,,,,,"Strongly agree","Agree","Unsure","Yes","Once a month","Once a month","Neither agree nor disagree","Agree"
"335","Agree","Agree","Agree","Agree","Agree","Rarely","Agree","Agree","Agree","Agree","Agree","Agree","Monthly",,,,,,,,,,,,,,,"Keep","Yes","In the previous week","Yes","Agree","Agree","Agree","Agree","Agree","No","No","Once a month","Once a month","Agree","Agree"
"317","Agree","Agree","Neither agree nor disagree","Strongly agree","Agree","Rarely","Strongly agree","Agree","Disagree","Agree","Agree","Agree","Rarely","Keep","Yes","In the previous week","Yes","Agree","Neither agree nor disagree","Neither agree nor disagree",,,,,,,,"Keep","Yes","In the previous month","Yes","Agree","Neither agree nor disagree","Disagree","Strongly agree","Strongly agree","Yes","Yes","Once a month","Once a month","Neither agree nor disagree","Agree"
"333","Strongly agree","Agree","Agree","Neither agree nor disagree","Strongly agree","Rarely","Strongly agree","Agree","Agree","Neither agree nor disagree","Strongly agree","Agree","Rarely","Remove","No","In the previous month","No","Strongly disagree","Strongly disagree","Strongly disagree","Keep","Yes","Today","Yes","Agree","Disagree","Disagree","Keep","Yes","More than a year ago","No","Agree","Disagree","Disagree","Strongly agree","Strongly agree","Yes","Yes","Once a month","Once a year","Agree","Strongly agree"
"328","Agree","Strongly agree","Agree","Agree","Disagree","Yearly",,,,,,,,,,,,,,,,,,,,,,,,,,,,,"Agree","Agree","Yes","Yes","Once a month","Once a year","Agree","Strongly agree"
"341","Strongly agree","Strongly agree","Strongly agree","Strongly agree","Strongly agree","Monthly",,,,,,,,,,,,,,,,,,,,,,,,,,,,,"Strongly agree","Agree","No","Yes","Once a month","Once a month","Agree","Strongly agree"
"301","Agree","Strongly disagree","Strongly disagree","Agree","Strongly disagree","Rarely","Agree","Strongly disagree","Strongly disagree","Strongly disagree","Strongly disagree","Strongly disagree","Never","Remove","No","Today","No","Agree","Agree","Agree","Keep","Yes","Today","Yes","Strongly agree","Strongly agree","Strongly agree","Remove","No","In the previous year","No","Strongly disagree","Strongly disagree","Strongly agree","Strongly agree","Strongly agree","Yes","Yes","Once a month","Once a year","Strongly agree","Strongly agree"
"188","Neither agree nor disagree","Neither agree nor disagree","Neither agree nor disagree","Neither agree nor disagree","Neither agree nor disagree","Rarely","Neither agree nor disagree","Neither agree nor disagree","Neither agree nor disagree","Neither agree nor disagree","Neither agree nor disagree","Neither agree nor disagree","Rarely","Keep","Yes","In the previous year","Unsure","Agree","Neither agree nor disagree","Neither agree nor disagree",,,,,,,,"Unsure","No","Unsure","Unsure","Neither agree nor disagree","Agree","Neither agree nor disagree","Agree","Agree","Unsure","Yes","Once a month","Once a month","Neither agree nor disagree","Agree"
"285","Neither agree nor disagree","Disagree","Disagree","Neither agree nor disagree","Neither agree nor disagree","Rarely","Disagree","Disagree","Disagree","Disagree","Disagree","Disagree","Never","Remove","No","Unsure","Unsure","Strongly disagree","Agree","Strongly agree","Remove","No","Unsure","No","Disagree","Agree","Agree","Keep","Unsure","In the previous week","Yes","Agree","Disagree","Neither agree nor disagree","Strongly agree","Agree","Yes","Yes","Once a month","Once a month","Agree","Agree"
"332","Agree","Agree","Neither agree nor disagree","Neither agree nor disagree","Strongly agree","Rarely","Agree","Agree","Neither agree nor disagree","Neither agree nor disagree","Agree","Neither agree nor disagree","Never","Keep","Yes","In the previous month","No","Agree","Disagree","Disagree","Keep","Yes","In the previous month","No","Neither agree nor disagree","Disagree","Disagree","Keep","No","Today","Yes","Agree","Neither agree nor disagree","Neither agree nor disagree","Agree","Neither agree nor disagree","Unsure","Unsure","Once a month","Once a month","Neither agree nor disagree","Strongly agree"
"324","Agree","Agree","Neither agree nor disagree","Neither agree nor disagree","Neither agree nor disagree","Rarely","Agree","Agree","Neither agree nor disagree","Neither agree nor disagree","Neither agree nor disagree","Agree","Rarely","Unsure","Unsure","In the previous year","No","Disagree","Agree","Agree",,,,,,,,"Keep","Yes","In the previous week","Yes","Strongly agree","Neither agree nor disagree","Disagree","Strongly agree","Strongly agree","Yes","Yes","Once a year","Once a year","Neither agree nor disagree","Strongly agree"
"347","Agree","Agree","Disagree","Disagree","Strongly agree","Never","Agree","Agree","Disagree","Disagree","Strongly agree","Agree","Never",,,,,,,,,,,,,,,"Remove","No","Unsure","No","Strongly disagree","Agree","Agree","Agree","Agree","Yes","Yes","Once a year","Once a year","Disagree","Strongly agree"
"233",,,,,,,,,,,,,,,,,,,,,,,,,,,,,,,,,,,"Agree","Agree","No","Yes","Once a year","Once a year","Disagree","Agree"
"256","Strongly agree","Strongly agree","Strongly agree","Disagree","Agree","Rarely","Strongly agree","Strongly agree","Agree","Disagree","Neither agree nor disagree","Agree","Rarely","Keep","Yes","Today","Yes","Strongly agree","Strongly disagree","Disagree","Keep","Yes","In the previous month","Yes","Agree","Strongly disagree","Disagree","Keep","Yes","Today","Yes","Strongly agree","Strongly disagree","Strongly disagree","Strongly agree","Agree","No","No","Once a year","Once a year","Strongly disagree","Agree"
"323","Agree","Agree","Agree","Strongly agree","Agree","Weekly","Agree","Agree","Disagree","Agree","Agree","Neither agree nor disagree","Weekly",,,,,,,,,,,,,,,"Keep","Yes","In the previous month","No","Agree","Agree","Agree","Neither agree nor disagree","Agree","No","No","Once a month","Once a year","Agree","Neither agree nor disagree"
"299","Strongly disagree","Strongly disagree","Strongly disagree","Strongly disagree","Strongly disagree","Rarely","Disagree","Neither agree nor disagree","Strongly disagree","Strongly disagree","Strongly disagree","Strongly disagree","Rarely","Keep","No","Today","No","Neither agree nor disagree","Agree","Agree","Keep","Yes","Today","Yes","Strongly agree","Strongly disagree","Strongly disagree","Keep","Yes","Today","Yes","Strongly agree","Strongly disagree","Strongly disagree","Strongly agree","Strongly agree","Unsure","Unsure","Once a year","Once every three years","Strongly disagree","Neither agree nor disagree"
"356","Strongly agree","Strongly agree","Strongly agree","Strongly agree","Strongly agree","Never","Strongly agree","Strongly agree","Strongly agree","Strongly agree","Strongly agree","Strongly agree","Never",,,,,,,,,,,,,,,"Keep","Yes","Today","No","Strongly agree","Strongly disagree","Strongly disagree","Agree","Agree","Yes","Yes","Once a year","Once a year","Agree","Agree"
"329","Strongly agree","Strongly agree","Strongly agree","Strongly agree","Strongly agree","Rarely","Strongly agree","Strongly agree","Strongly agree","Strongly agree","Strongly agree","Strongly agree","Rarely","Remove","No","Unsure","No","Strongly disagree","Strongly disagree","Strongly disagree","Keep","No","Unsure","Yes","Strongly agree","Strongly agree","Strongly agree","Remove","Yes","Today","Yes","Agree","Neither agree nor disagree","Neither agree nor disagree","Strongly agree","Strongly agree","Yes","Unsure","Once a month","Once a year","Strongly agree","Strongly agree"
"289","Agree","Strongly agree","Disagree","Disagree","Agree","Never","Agree","Agree","Disagree","Disagree","Agree","Agree","Never","Keep","Yes","In the previous week","Yes","Agree","Disagree","Disagree",,,,,,,,"Remove","Yes","More than a year ago","Unsure","Strongly disagree","Agree","Agree","Agree","Agree","Yes","Yes","Once a year","Once a year","Agree","Agree"
"303",,,,,,,,,,,,,,,,,,,,,,,,,,,,,,,,,,,"Agree","Agree","Unsure","Yes","Once a month","I do not want to reapprove apps","Agree","Agree"
"297",,,,,,,,,,,,,,,,,,,,,,,,,,,,,,,,,,,"Agree","Agree","Unsure","Yes","Once a year","Once a year","Strongly agree","Strongly agree"
"327","Agree","Agree","Agree","Agree","Agree","Rarely","Agree","Agree","Agree","Agree","Agree","Agree","Rarely","Keep","Yes","In the previous month","Yes","Agree","Agree","Agree","Keep","Yes","In the previous month","Yes","Neither agree nor disagree","Neither agree nor disagree","Neither agree nor disagree","Keep","Yes","In the previous week","Yes","Disagree","Neither agree nor disagree","Neither agree nor disagree","Agree","Agree","Unsure","Yes","Once a year","Once a year","Agree","Agree"
"339",,,,,,,,,,,,,,,,,,,,,,,,,,,,,,,,,,,"Agree","Strongly agree","Yes","No","Once a year","Once a year","Agree","Strongly agree"
"354","Agree","Disagree","Neither agree nor disagree","Neither agree nor disagree","Neither agree nor disagree","Never","Agree","Neither agree nor disagree","Agree","Neither agree nor disagree","Neither agree nor disagree","Neither agree nor disagree","Never","Remove","Yes","In the previous month","Yes","Agree","Agree","Agree","Unsure","Unsure","Unsure","No","Neither agree nor disagree","Neither agree nor disagree","Neither agree nor disagree","Remove","Yes","Today","Yes","Agree","Neither agree nor disagree","Neither agree nor disagree","Strongly agree","Agree","Unsure","Yes","Once a year","I do not want to reapprove apps","Neither agree nor disagree","Strongly agree"
"281","Neither agree nor disagree","Neither agree nor disagree","Agree","Disagree","Agree","Monthly",,,,,,,,,,,,,,,,,,,,,,,,,,,,,"Strongly agree","Strongly agree","Yes","Yes","Once a month","I do not want to reapprove apps","Agree","Agree"
"349","Agree","Disagree","Disagree","Disagree","Strongly agree","Never",,,,,,,,,,,,,,,,,,,,,,,,,,,,,"Strongly agree","Agree","No","No","Once a year","Once a year","Agree","Strongly agree"
"310","Agree","Neither agree nor disagree","Neither agree nor disagree","Neither agree nor disagree","Neither agree nor disagree","Never","Agree","Neither agree nor disagree","Neither agree nor disagree","Neither agree nor disagree","Neither agree nor disagree","Agree","Never","Keep","Unsure","Today","Unsure","Neither agree nor disagree","Disagree","Disagree",,,,,,,,,,,,,,,"Agree","Agree","No","Yes","Once a year","Once every three years","Neither agree nor disagree","Agree"
"340","Agree","Agree","Neither agree nor disagree","Neither agree nor disagree","Agree","Rarely","Agree","Strongly agree","Agree","Neither agree nor disagree","Agree","Strongly agree","Rarely","Remove","Yes","In the previous year","No","Disagree","Neither agree nor disagree","Agree",,,,,,,,"Remove","Yes","In the previous year","No","Disagree","Neither agree nor disagree","Neither agree nor disagree","Strongly agree","Strongly agree","Yes","Yes","Once a year","Once a year","Agree","Strongly agree"
"416","Disagree","Neither agree nor disagree","Disagree","Disagree","Neither agree nor disagree","Never","Disagree","Neither agree nor disagree","Disagree","Disagree","Disagree","Neither agree nor disagree","Never","Keep","Yes","In the previous month","Yes","Strongly agree","Strongly disagree","Strongly disagree","Unsure","Yes","In the previous year","Yes","Neither agree nor disagree","Disagree","Disagree","Keep","Yes","In the previous week","Yes","Agree","Disagree","Disagree","Strongly agree","Agree","Yes","Yes","Once a year","Once a year","Agree","Agree"
"406","Agree","Agree","Strongly agree","Strongly agree","Strongly agree","Never","Agree","Agree","Strongly agree","Strongly agree","Strongly agree","Strongly agree","Never","Keep","Yes","Today","Yes","Strongly agree","Neither agree nor disagree","Disagree","Remove","Yes","In the previous week","No","Strongly disagree","Disagree","Strongly agree","Keep","Yes","In the previous year","Yes","Disagree","Disagree","Strongly disagree","Strongly agree","Agree","Yes","Yes","Once a month","Once a month","Neither agree nor disagree","Agree"
"311","Neither agree nor disagree","Agree","Strongly agree","Disagree","Neither agree nor disagree","Rarely","Neither agree nor disagree","Agree","Neither agree nor disagree","Neither agree nor disagree","Neither agree nor disagree","Agree","Never",,,,,,,,,,,,,,,"Keep","Unsure","Unsure","No","Neither agree nor disagree","Disagree","Disagree","Agree","Agree","No","Unsure","Once a year","Once a year","Disagree","Agree"
"404","Agree","Agree","Neither agree nor disagree","Agree","Agree","Rarely","Agree","Agree","Neither agree nor disagree","Agree","Agree","Agree","Rarely","Keep","Yes","In the previous month","Yes","Agree","Disagree","Disagree","Unsure","Yes","Today","Unsure","Neither agree nor disagree","Disagree","Neither agree nor disagree","Keep","No","In the previous month","Unsure","Agree","Neither agree nor disagree","Neither agree nor disagree","Agree","Agree","Unsure","Yes","Once a month","Once a year","Agree","Agree"
"367","Agree","Agree","Disagree","Disagree","Disagree","Rarely","Agree","Agree","Disagree","Disagree","Disagree","Disagree","Rarely","Remove","Yes","In the previous month","No","Disagree","Disagree","Agree",,,,,,,,"Keep","Yes","In the previous week","Yes","Agree","Neither agree nor disagree","Disagree","Agree","Agree","Yes","Yes","Once a year","Once a year","Neither agree nor disagree","Agree"
"331",,,,,,,,,,,,,,,,,,,,,,,,,,,,,,,,,,,"Strongly agree","Agree","No","Yes","Once a month","Once a year","Agree","Strongly agree"
"376","Strongly agree","Strongly agree","Agree","Agree","Strongly agree","Rarely",,,,,,,,,,,,,,,,,,,,,,,,,,,,,"Strongly agree","Strongly agree","Yes","Yes","Once a year","I do not want to reapprove apps","Agree","Strongly agree"
"422","Strongly agree","Strongly agree","Agree","Agree","Neither agree nor disagree","Never","Strongly agree","Agree","Neither agree nor disagree","Neither agree nor disagree","Agree","Neither agree nor disagree","Never","Remove","No","In the previous month","No","Strongly disagree","Strongly agree","Strongly disagree","Keep","Unsure","In the previous month","No","Strongly disagree","Neither agree nor disagree","Strongly disagree","Keep","No","Today","No","Neither agree nor disagree","Agree","Strongly disagree","Agree","Strongly agree","Unsure","No","Once a month","Once a month","Strongly disagree","Neither agree nor disagree"
"292","Disagree","Disagree","Disagree","Disagree","Disagree","Rarely","Strongly disagree","Strongly disagree","Strongly disagree","Strongly disagree","Strongly disagree","Strongly disagree","Rarely","Remove","Yes","In the previous month","Yes","Agree","Disagree","Disagree","Remove","No","In the previous year","No","Agree","Disagree","Disagree","Remove","No","Unsure","No","Strongly disagree","Agree","Strongly agree","Agree","Agree","Yes","Yes","Once a month","Once a month","Strongly agree","Agree"
"215","Agree","Neither agree nor disagree","Disagree","Disagree","Disagree","Never",,,,,,,,,,,,,,,,,,,,,,,,,,,,,"Strongly agree","Disagree","Unsure","No","Once a year","Once a year","Disagree","Disagree"
"372","Disagree","Disagree","Strongly disagree","Disagree","Disagree","Rarely","Agree","Disagree","Disagree","Disagree","Agree","Disagree","Never","Keep","Yes","Today","Yes","Strongly agree","Strongly disagree","Disagree","Keep","Yes","Today","Yes","Strongly agree","Strongly disagree","Disagree","Keep","Yes","In the previous month","No","Neither agree nor disagree","Disagree","Disagree","Strongly agree","Agree","No","Unsure","Once a year","Once a year","Strongly disagree","Strongly agree"
"418","Agree","Agree","Strongly agree","Neither agree nor disagree","Strongly agree","Rarely","Agree","Agree","Agree","Neither agree nor disagree","Agree","Strongly agree","Rarely","Keep","Yes","In the previous week","Unsure","Strongly agree","Disagree","Disagree","Remove","Yes","In the previous year","Unsure","Strongly disagree","Strongly agree","Strongly agree","Keep","Yes","In the previous year","Yes","Agree","Disagree","Disagree","Agree","Disagree","Yes","Yes","Once a year","Once a year","Disagree","Strongly agree"
"353","Agree","Agree","Agree","Agree","Agree","Rarely","Agree","Agree","Agree","Agree","Agree","Agree","Rarely","Remove","Yes","In the previous week","Yes","Agree","Agree","Agree","Keep","Yes","Today","Unsure","Agree","Disagree","Disagree","Keep","Yes","Today","Yes","Strongly agree","Disagree","Disagree","Agree","Agree","Yes","Yes","Once a month","Once a year","Disagree","Agree"
"414","Strongly agree","Agree","Agree","Neither agree nor disagree","Strongly agree","Rarely",,,,,,,,,,,,,,,,,,,,,,,,,,,,,"Strongly agree","Agree","Yes","Yes","Once a year","Once a year","Agree","Strongly agree"
"483",,,,,,,,,,,,,,,,,,,,,,,,,,,,,,,,,,,"Agree","Agree","Yes","Yes","Once a month","Once a month","Agree","Agree"
"434","Strongly agree","Strongly agree","Neither agree nor disagree","Neither agree nor disagree","Agree","Never","Strongly agree","Agree","Neither agree nor disagree","Agree","Agree","Agree","Never","Keep","Yes","Today","Yes","Strongly agree","Strongly disagree","Strongly disagree",,,,,,,,"Keep","No","Unsure","No","Agree","Disagree","Neither agree nor disagree","Strongly agree","Strongly agree","Unsure","Yes","Once a month","Once a year","Agree","Agree"
"452","Strongly agree","Strongly agree","Strongly agree","Strongly agree","Strongly agree","Rarely","Strongly agree","Strongly agree","Strongly agree","Strongly agree","Strongly agree","Strongly agree","Rarely","Keep","Yes","In the previous week","Yes","Strongly agree","Strongly disagree","Strongly disagree","Keep","Yes","Unsure","Yes","Strongly agree","Strongly disagree","Strongly disagree","Keep","Yes","In the previous month","Yes","Neither agree nor disagree","Disagree","Disagree","Strongly agree","Strongly agree","Yes","Yes","Once a year","Once a year","Strongly agree","Strongly agree"
"433","Agree","Agree","Neither agree nor disagree","Agree","Strongly agree","Rarely","Agree","Agree","Agree","Agree","Agree","Agree","Rarely","Keep","Yes","In the previous year","Yes","Agree","Disagree","Disagree",,,,,,,,"Keep","Yes","In the previous week","Yes","Agree","Disagree","Disagree","Strongly agree","Strongly agree","Unsure","Yes","Once a month","Once a month","Agree","Strongly agree"
"460",,,,,,,,,,,,,,,,,,,,,,,,,,,,,,,,,,,"Strongly agree","Strongly agree","Unsure","Yes","Once a month","Once a year","Agree","Strongly agree"
"486","Neither agree nor disagree","Agree","Disagree","Disagree","Neither agree nor disagree","Rarely","Neither agree nor disagree","Neither agree nor disagree","Disagree","Disagree","Disagree","Disagree","Rarely","Keep","Yes","In the previous month","Yes","Strongly disagree","Disagree","Disagree",,,,,,,,"Keep","Yes","In the previous month","Yes","Neither agree nor disagree","Neither agree nor disagree","Neither agree nor disagree","Agree","Agree","Unsure","Yes","Once a month","Once a month","Strongly agree","Strongly agree"
"365","Agree","Strongly agree","Disagree","Disagree","Agree","Never","Agree","Agree","Agree","Strongly agree","Strongly agree","Strongly agree","Never","Unsure","No","In the previous year","No","Strongly disagree","Strongly agree","Agree","Keep","Yes","Today","Yes","Strongly agree","Strongly disagree","Disagree","Remove","Yes","More than a year ago","Yes","Disagree","Agree","Neither agree nor disagree","Strongly agree","Strongly agree","Yes","Yes","Once a month","Once a year","Strongly agree","Strongly agree"
"488","Strongly agree","Strongly agree","Agree","Agree","Strongly agree","Monthly","Strongly agree","Strongly agree","Agree","Agree","Strongly agree","Strongly agree","Yearly","Remove","Yes","In the previous year","Yes","Neither agree nor disagree","Agree","Strongly agree",,,,,,,,"Keep","Yes","In the previous week","Yes","Agree","Neither agree nor disagree","Disagree","Strongly agree","Agree","Yes","Yes","Once a month","Once a year","Agree","Strongly agree"
"489","Strongly agree","Strongly agree","Strongly agree","Strongly agree","Strongly agree","Weekly",,,,,,,,,,,,,,,,,,,,,,,,,,,,,"Strongly agree","Strongly agree","Unsure","Unsure","Once a month","Once a month","Strongly agree","Strongly agree"
"384","Strongly agree","Agree","Agree","Agree","Strongly agree","Rarely","Strongly agree","Agree","Agree","Agree","Neither agree nor disagree","Agree","Rarely","Unsure","Yes","In the previous year","Yes","Neither agree nor disagree","Agree","Neither agree nor disagree","Keep","Yes","In the previous year","Yes","Agree","Neither agree nor disagree","Disagree","Keep","Yes","In the previous month","Yes","Strongly agree","Disagree","Disagree","Strongly agree","Strongly agree","Yes","Yes","Once a year","Once every three years","Neither agree nor disagree","Agree"
"446",,,,,,,,,,,,,,,,,,,,,,,,,,,,,,,,,,,"Strongly agree","Strongly agree","No","No","Once a year","Once a year","Disagree","Disagree"
"415","Strongly agree","Strongly agree","Neither agree nor disagree","Agree","Strongly agree","Rarely","Strongly agree","Strongly agree","Strongly agree","Strongly agree","Agree","Strongly agree","Rarely","Keep","Yes","Today","Yes","Strongly agree","Strongly disagree","Disagree","Remove","Yes","In the previous week","Unsure","Agree","Neither agree nor disagree","Disagree","Keep","Yes","In the previous month","Yes","Agree","Neither agree nor disagree","Disagree","Strongly agree","Disagree","Yes","Yes","Once a month","Once a year","Neither agree nor disagree","Strongly agree"
"438","Strongly agree","Strongly agree","Neither agree nor disagree","Neither agree nor disagree","Strongly agree","Rarely","Agree","Agree","Neither agree nor disagree","Agree","Strongly agree","Strongly agree","Rarely","Keep","Yes","Today","Yes","Strongly agree","Strongly disagree","Strongly disagree","Keep","Yes","Today","Yes","Agree","Neither agree nor disagree","Neither agree nor disagree","Keep","Yes","In the previous week","Yes","Neither agree nor disagree","Disagree","Disagree","Agree","Agree","Unsure","Yes","Once a year","Once a year","Disagree","Strongly agree"
"462","Agree","Disagree","Strongly agree","Neither agree nor disagree","Agree","Rarely","Agree","Disagree","Neither agree nor disagree","Disagree","Neither agree nor disagree","Agree","Rarely","Keep","Yes","In the previous month","Yes","Strongly agree","Strongly agree","Strongly agree","Keep","Yes","More than a year ago","No","Strongly disagree","Strongly disagree","Agree","Keep","Yes","More than a year ago","Yes","Disagree","Neither agree nor disagree","Agree","Strongly agree","Strongly agree","Yes","Yes","Once a month","Once a month","Agree","Agree"
"390",,,,,,,,,,,,,,,,,,,,,,,,,,,,,,,,,,,"Neither agree nor disagree","Neither agree nor disagree","Yes","Yes","Once a year","Once a year","Strongly agree","Strongly agree"
"485","Agree","Strongly agree","Agree","Disagree","Agree","Monthly","Agree","Strongly agree","Agree","Disagree","Agree","Strongly agree","Monthly","Remove","Yes","In the previous year","Yes","Strongly disagree","Strongly disagree","Agree","Keep","Yes","In the previous week","Yes","Strongly agree","Strongly disagree","Strongly disagree","Remove","Yes","Unsure","Yes","Strongly disagree","Agree","Strongly agree","Strongly agree","Strongly agree","Yes","Yes","Once a month","Once a year","Agree","Agree"
"408","Neither agree nor disagree","Agree","Neither agree nor disagree","Agree","Neither agree nor disagree","Rarely",,,,,,,,,,,,,,,,,,,,,,,,,,,,,"Strongly agree","Agree","Unsure","Unsure","Once a year","Once a year","Disagree","Strongly agree"
"379",,,,,,,,,,,,,,,,,,,,,,,,,,,,,,,,,,,"Strongly agree","Strongly agree","Yes","Yes","Once a month","Once a month","Strongly agree","Strongly agree"
"459","Strongly agree","Strongly agree","Agree","Neither agree nor disagree","Agree","Never","Agree","Agree","Neither agree nor disagree","Disagree","Agree","Neither agree nor disagree","Never",,,,,,,,,,,,,,,"Keep","Yes","Today","Yes","Strongly agree","Disagree","Disagree","Strongly agree","Strongly agree","Yes","Unsure","I do not want to be reminded","Once a year","Disagree","Neither agree nor disagree"
"412","Disagree","Agree","Disagree","Disagree","Disagree","Rarely","Disagree","Agree","Disagree","Disagree","Disagree","Agree","Rarely",,,,,,,,,,,,,,,"Remove","No","In the previous week","No","Strongly disagree","Strongly agree","Strongly agree","Agree","Agree","Yes","Unsure","Once a year","Once a year","Strongly agree","Strongly agree"
"444","Neither agree nor disagree","Neither agree nor disagree","Neither agree nor disagree","Neither agree nor disagree","Neither agree nor disagree","Yearly",,,,,,,,,,,,,,,,,,,,,,,,,,,,,"Neither agree nor disagree","Neither agree nor disagree","Yes","Yes","Once a month","Once a month","Strongly agree","Strongly agree"
"467","Agree","Agree","Disagree","Neither agree nor disagree","Agree","Rarely","Agree","Disagree","Disagree","Disagree","Agree","Agree","Rarely","Remove","No","Unsure","No","Neither agree nor disagree","Disagree","Disagree","Remove","Yes","More than a year ago","Yes","Agree","Disagree","Disagree","Remove","Yes","More than a year ago","Unsure","Disagree","Agree","Agree","Agree","Agree","Yes","Yes","Once a month","Once a year","Disagree","Agree"
"458","Agree","Agree","Agree","Agree","Agree","Rarely",,,,,,,,,,,,,,,,,,,,,,,,,,,,,"Strongly agree","Strongly agree","Yes","Yes","Once a year","Once a year","Agree","Agree"
"389",,,,,,,,,,,,,,,,,,,,,,,,,,,,,,,,,,,"Agree","Agree","No","No","Once a month","Once a month","Strongly agree","Strongly agree"
"426","Agree","Agree","Agree","Agree","Agree","Rarely",,,,,,,,,,,,,,,,,,,,,,,,,,,,,"Agree","Agree","Yes","Yes","Once a week","Once a week","Agree","Agree"
"388",,,,,,,,,,,,,,,,,,,,,,,,,,,,,,,,,,,"Agree","Agree","Yes","Yes","Once a week","Once a month","Agree","Strongly agree"
"471","Disagree","Neither agree nor disagree","Disagree","Disagree","Agree","Never","Neither agree nor disagree","Neither agree nor disagree","Strongly disagree","Strongly disagree","Agree","Strongly agree","Rarely","Keep","Yes","Today","Yes","Agree","Disagree","Disagree","Remove","Unsure","More than a year ago","No","Strongly disagree","Agree","Strongly agree","Keep","Yes","In the previous week","No","Disagree","Strongly agree","Strongly agree","Strongly agree","Strongly agree","Yes","Unsure","Once a year","Once a month","Neither agree nor disagree","Strongly agree"
"516","Agree","Agree","Disagree","Disagree","Strongly agree","Never","Agree","Agree","Disagree","Strongly disagree","Agree","Agree","Rarely","Keep","Yes","In the previous week","Yes","Strongly agree","Disagree","Disagree","Remove","No","Unsure","No","Strongly disagree","Agree","Agree","Keep","Yes","In the previous week","Yes","Agree","Disagree","Disagree","Strongly agree","Agree","No","Yes","Once a year","Once a year","Agree","Strongly agree"
"540","Neither agree nor disagree","Neither agree nor disagree","Neither agree nor disagree","Neither agree nor disagree","Neither agree nor disagree","Rarely","Neither agree nor disagree","Neither agree nor disagree","Neither agree nor disagree","Neither agree nor disagree","Neither agree nor disagree","Neither agree nor disagree","Rarely","Remove","Yes","Unsure","Unsure","Neither agree nor disagree","Neither agree nor disagree","Neither agree nor disagree","Keep","Yes","More than a year ago","Yes","Neither agree nor disagree","Neither agree nor disagree","Neither agree nor disagree","Remove","Yes","Unsure","Unsure","Neither agree nor disagree","Neither agree nor disagree","Neither agree nor disagree","Neither agree nor disagree","Neither agree nor disagree","Unsure","Unsure","I do not want to be reminded","Once a year","Neither agree nor disagree","Neither agree nor disagree"
"539","Agree","Neither agree nor disagree","Neither agree nor disagree","Neither agree nor disagree","Neither agree nor disagree","Yearly","Disagree","Disagree","Strongly disagree","Strongly disagree","Strongly disagree","Strongly disagree","Yearly","Remove","Unsure","More than a year ago","No","Strongly disagree","Neither agree nor disagree","Neither agree nor disagree","Keep","Yes","Today","Yes","Strongly agree","Agree","Agree","Keep","Yes","In the previous year","Yes","Neither agree nor disagree","Disagree","Disagree","Agree","Agree","Yes","Unsure","Once a month","Once a month","Neither agree nor disagree","Strongly agree"
"495","Agree","Strongly agree","Strongly agree","Strongly agree","Strongly agree","Rarely",,,,,,,,,,,,,,,,,,,,,,,,,,,,,"Strongly agree","Agree","Unsure","Yes","Once a month","Once a year","Strongly agree","Strongly agree"
"549","Strongly agree","Strongly agree","Agree","Disagree","Agree","Monthly","Strongly agree","Strongly agree","Agree","Disagree","Agree","Strongly agree","Monthly","Keep","Yes","Today","Yes","Strongly agree","Strongly disagree","Strongly disagree",,,,,,,,"Keep","Yes","In the previous week","Yes","Agree","Disagree","Disagree","Strongly agree","Strongly agree","Unsure","Yes","Once a month","Once a month","Disagree","Strongly agree"
"537","Agree","Agree","Agree","Agree","Agree","Rarely","Agree","Agree","Agree","Agree","Agree","Agree","Rarely","Unsure","No","Unsure","Unsure","Neither agree nor disagree","Neither agree nor disagree","Neither agree nor disagree","Keep","Yes","In the previous month","Yes","Strongly agree","Strongly agree","Strongly agree","Unsure","Unsure","Unsure","No","Neither agree nor disagree","Neither agree nor disagree","Neither agree nor disagree","Agree","Agree","Unsure","Yes","Once a month","Once a week","Agree","Agree"
"534","Agree","Agree","Disagree","Disagree","Disagree","Never","Agree","Agree","Strongly disagree","Strongly disagree","Strongly disagree","Agree","Never","Keep","Yes","In the previous year","Yes","Disagree","Strongly disagree","Strongly disagree","Remove","Yes","In the previous year","Yes","Disagree","Strongly disagree","Agree","Remove","Unsure","In the previous year","No","Disagree","Disagree","Strongly disagree","Strongly agree","Strongly agree","No","Yes","Once every three years","Once every three years","Strongly disagree","Neither agree nor disagree"
"550","Agree","Agree","Agree","Neither agree nor disagree","Agree","Rarely","Agree","Agree","Agree","Neither agree nor disagree","Agree","Agree","Rarely",,,,,,,,,,,,,,,"Remove","No","Unsure","No","Disagree","Agree","Agree","Disagree","Neither agree nor disagree","Yes","Yes","Once a month","Once a month","Disagree","Disagree"
"520","Strongly agree","Strongly agree","Neither agree nor disagree","Agree","Agree","Monthly","Strongly agree","Strongly agree","Agree","Neither agree nor disagree","Agree","Strongly agree","Rarely","Keep","Yes","In the previous year","Yes","Agree","Disagree","Neither agree nor disagree","Keep","Yes","In the previous year","Unsure","Agree","Strongly disagree","Neither agree nor disagree","Keep","Yes","In the previous month","Yes","Strongly agree","Strongly disagree","Agree","Strongly agree","Strongly agree","Yes","Yes","Once a month","I do not want to reapprove apps","Disagree","Agree"
"536","Agree","Strongly agree","Strongly agree","Agree","Strongly agree","Rarely",,,,,,,,,,,,,,,,,,,,,,,,,,,,,"Agree","Disagree","Yes","Yes","Once a month","Once a month","Agree","Strongly agree"
"555","Agree","Agree","Neither agree nor disagree","Agree","Agree","Rarely","Agree","Agree","Neither agree nor disagree","Agree","Agree","Strongly agree","Rarely","Keep","Yes","In the previous week","Yes","Neither agree nor disagree","Disagree","Neither agree nor disagree","Keep","Yes","In the previous year","Yes","Neither agree nor disagree","Disagree","Neither agree nor disagree","Keep","Yes","Today","Yes","Agree","Neither agree nor disagree","Neither agree nor disagree","Strongly agree","Strongly agree","Yes","Yes","Once a month","Once a year","Agree","Agree"
"502","Agree","Strongly agree","Strongly agree","Strongly agree","Strongly agree","Rarely",,,,,,,,,,,,,,,,,,,,,,,,,,,,,"Strongly agree","Strongly agree","Unsure","Yes","Once a year","Once a month","Agree","Strongly agree"
"515","Neither agree nor disagree","Neither agree nor disagree","Neither agree nor disagree","Neither agree nor disagree","Neither agree nor disagree","Rarely","Neither agree nor disagree","Neither agree nor disagree","Neither agree nor disagree","Neither agree nor disagree","Neither agree nor disagree","Neither agree nor disagree","Rarely","Keep","Yes","In the previous week","Yes","Agree","Disagree","Disagree",,,,,,,,"Keep","Yes","In the previous week","Yes","Agree","Disagree","Disagree","Agree","Agree","No","Unsure","Once a year","Once a year","Disagree","Agree"
"544","Disagree","Disagree","Disagree","Disagree","Disagree","Rarely","Disagree","Disagree","Disagree","Disagree","Disagree","Disagree","Rarely","Keep","Yes","In the previous week","Yes","Agree","Agree","Agree","Keep","Yes","In the previous year","Yes","Agree","Agree","Agree","Keep","No","More than a year ago","No","Neither agree nor disagree","Neither agree nor disagree","Neither agree nor disagree","Agree","Agree","No","Yes","Once a month","Once a month","Agree","Agree"
"476","Agree","Agree","Disagree","Disagree","Neither agree nor disagree","Rarely","Agree","Agree","Disagree","Disagree","Neither agree nor disagree","Agree","Rarely",,,,,,,,,,,,,,,"Remove","No","Unsure","No","Strongly disagree","Agree","Strongly agree","Strongly agree","Strongly agree","Yes","Yes","Once a month","Once a month","Strongly agree","Strongly agree"
"507","Agree","Strongly agree","Agree","Neither agree nor disagree","Strongly agree","Rarely","Strongly agree","Strongly agree","Strongly agree","Agree","Strongly agree","Strongly agree","Rarely","Keep","Yes","In the previous year","Yes","Strongly agree","Neither agree nor disagree","Disagree",,,,,,,,"Keep","Yes","Today","Yes","Strongly agree","Neither agree nor disagree","Disagree","Strongly agree","Strongly agree","No","Yes","Once a month","Once a year","Disagree","Agree"
"528","Agree","Agree","Agree","Neither agree nor disagree","Agree","Rarely","Agree","Agree","Agree","Agree","Agree","Agree","Rarely","Keep","Yes","In the previous month","Yes","Agree","Disagree","Disagree","Unsure","No","Unsure","No","Disagree","Agree","Strongly agree","Keep","Yes","In the previous week","No","Neither agree nor disagree","Disagree","Disagree","Strongly agree","Strongly agree","Yes","Unsure","Once a year","Once a year","Neither agree nor disagree","Neither agree nor disagree"
"530","Agree","Agree","Agree","Disagree","Neither agree nor disagree","Yearly","Agree","Agree","Agree","Disagree","Neither agree nor disagree","Neither agree nor disagree","Rarely","Remove","No","Unsure","No","Neither agree nor disagree","Neither agree nor disagree","Neither agree nor disagree",,,,,,,,"Keep","Yes","In the previous month","Yes","Agree","Disagree","Disagree","Agree","Agree","Yes","Yes","Once a month","Once a year","Agree","Agree"
"510","Agree","Neither agree nor disagree","Disagree","Neither agree nor disagree","Neither agree nor disagree","Never","Agree","Neither agree nor disagree","Disagree","Neither agree nor disagree","Neither agree nor disagree","Neither agree nor disagree","Never","Keep","Yes","In the previous week","Yes","Agree","Disagree","Disagree","Unsure","No","Today","No","Agree","Agree","Agree","Keep","Yes","Today","Yes","Agree","Strongly disagree","Disagree","Agree","Agree","Yes","No","Once a month","Once a month","Agree","Agree"
"526","Strongly agree","Strongly agree","Neither agree nor disagree","Neither agree nor disagree","Agree","Never","Agree","Neither agree nor disagree","Neither agree nor disagree","Disagree","Strongly agree","Agree","Never","Keep","Yes","Today","Yes","Strongly agree","Strongly disagree","Strongly disagree","Keep","Yes","In the previous month","Yes","Agree","Agree","Disagree","Keep","Yes","In the previous week","Yes","Strongly agree","Disagree","Disagree","Agree","Agree","Yes","Unsure","Once a year","Once a year","Agree","Strongly agree"
"369","Agree","Agree","Strongly agree","Strongly agree","Agree","Rarely","Agree","Agree","Agree","Agree","Agree","Agree","Rarely","Keep","Yes","In the previous week","Yes","Strongly agree","Strongly disagree","Neither agree nor disagree","Remove","Yes","In the previous month","No","Disagree","Agree","Agree","Keep","Yes","In the previous month","Yes","Agree","Disagree","Neither agree nor disagree","Strongly agree","Strongly agree","Yes","Yes","Once a month","Once a year","Strongly agree","Strongly agree"
"385","Agree","Strongly agree","Agree","Neither agree nor disagree","Agree","Rarely","Neither agree nor disagree","Strongly agree","Agree","Disagree","Agree","Strongly agree","Rarely","Remove","No","Unsure","No","Neither agree nor disagree","Neither agree nor disagree","Neither agree nor disagree","Remove","Yes","In the previous year","Yes","Disagree","Disagree","Neither agree nor disagree","Keep","Yes","In the previous year","Yes","Agree","Neither agree nor disagree","Agree","Agree","Strongly agree","Yes","Unsure","Once a year","Once a year","Disagree","Agree"
"543","Disagree","Disagree","Agree","Agree","Agree","Rarely","Agree","Agree","Agree","Strongly agree","Strongly agree","Strongly agree","Rarely","Remove","Yes","In the previous year","Yes","Disagree","Neither agree nor disagree","Agree","Remove","No","Unsure","No","Strongly disagree","Strongly agree","Strongly agree","Keep","Yes","Today","Yes","Agree","Neither agree nor disagree","Neither agree nor disagree","Agree","Agree","Yes","Yes","Once a month","Once a year","Agree","Strongly agree"
"514","Neither agree nor disagree","Neither agree nor disagree","Neither agree nor disagree","Neither agree nor disagree","Agree","Rarely","Disagree","Disagree","Disagree","Disagree","Agree","Strongly agree","Rarely","Keep","Yes","In the previous week","Yes","Neither agree nor disagree","Disagree","Disagree","Keep","Yes","Today","Yes","Agree","Disagree","Disagree","Remove","Yes","More than a year ago","No","Strongly disagree","Strongly agree","Strongly agree","Agree","Agree","Yes","Unsure","Once a year","Once a year","Disagree","Agree"
"477","Strongly agree","Agree","Disagree","Neither agree nor disagree","Agree","Rarely","Strongly agree","Strongly agree","Neither agree nor disagree","Agree","Agree","Strongly agree","Rarely",,,,,,,,,,,,,,,"Keep","Yes","Today","Yes","Strongly agree","Strongly disagree","Strongly disagree","Strongly agree","Strongly agree","No","Unsure","Once a year","I do not want to reapprove apps","Disagree","Agree"
"535","Strongly agree","Strongly agree","Agree","Neither agree nor disagree","Strongly agree","Never",,,,,,,,,,,,,,,,,,,,,,,,,,,,,"Strongly agree","Strongly agree","Unsure","Yes","Once a year","Once a year","Disagree","Strongly agree"
"399","Strongly agree","Strongly agree","Neither agree nor disagree","Disagree","Agree","Rarely","Strongly agree","Strongly agree","Neither agree nor disagree","Disagree","Disagree","Agree","Rarely","Remove","Yes","In the previous year","Yes","Disagree","Disagree","Agree",,,,,,,,"Keep","Yes","Today","Yes","Strongly agree","Strongly disagree","Disagree","Agree","Agree","Yes","Yes","Once a month","Once a year","Agree","Strongly agree"
"541","Agree","Neither agree nor disagree","Agree","Disagree","Neither agree nor disagree","Rarely","Agree","Agree","Agree","Disagree","Neither agree nor disagree","Agree","Rarely","Keep","Yes","Today","Yes","Agree","Disagree","Disagree","Keep","Yes","More than a year ago","Yes","Agree","Neither agree nor disagree","Neither agree nor disagree","Keep","Yes","Today","Yes","Agree","Disagree","Disagree","Strongly agree","Strongly agree","No","Yes","Once a year","Once a year","Disagree","Agree"
"554","Agree","Neither agree nor disagree","Agree","Agree","Strongly agree","Weekly","Agree","Agree","Agree","Agree","Strongly agree","Strongly agree","Weekly","Unsure","Yes","In the previous week","Yes","Agree","Disagree","Neither agree nor disagree","Keep","Yes","In the previous year","Yes","Agree","Disagree","Neither agree nor disagree","Keep","Yes","Today","Yes","Strongly agree","Disagree","Disagree","Agree","Agree","Yes","Yes","Once a month","Once a year","Agree","Agree"
"498","Strongly agree","Strongly agree","Neither agree nor disagree","Agree","Strongly agree","Yearly","Strongly agree","Strongly agree","Agree","Agree","Strongly agree","Strongly agree","Yearly","Keep","Yes","In the previous week","Yes","Strongly agree","Disagree","Disagree","Keep","Yes","Today","Yes","Strongly agree","Strongly agree","Strongly disagree","Keep","Yes","Today","Yes","Strongly agree","Disagree","Disagree","Strongly agree","Strongly agree","No","Yes","Once a month","Once a year","Agree","Agree"
"585",,,,,,,,,,,,,,,,,,,,,,,,,,,,,,,,,,,"Agree","Neither agree nor disagree","Unsure","Unsure","I do not want to be reminded","Once a month","Neither agree nor disagree","Neither agree nor disagree"
"621","Agree","Agree","Agree","Agree","Agree","Never",,,,,,,,,,,,,,,,,,,,,,,,,,,,,"Agree","Agree","Unsure","No","Once a year","Once a year","Agree","Agree"
"625",,,,,,,,,,,,,,,,,,,,,,,,,,,,,,,,,,,"Strongly agree","Agree","Unsure","Yes","Once a month","Once a year","Disagree","Agree"
"581","Strongly agree","Strongly agree","Strongly agree","Agree","Strongly agree","Rarely","Strongly agree","Strongly agree","Strongly agree","Agree","Strongly agree","Strongly agree","Rarely","Keep","Yes","In the previous month","Yes","Agree","Neither agree nor disagree","Disagree","Keep","Yes","Today","Yes","Strongly agree","Strongly disagree","Strongly disagree","Keep","Yes","In the previous month","Yes","Agree","Neither agree nor disagree","Disagree","Strongly agree","Strongly agree","Unsure","Yes","Once a month","Once a year","Neither agree nor disagree","Agree"
"607","Strongly agree","Strongly agree","Strongly agree","Agree","Agree","Rarely","Strongly agree","Strongly agree","Strongly agree","Agree","Strongly agree","Agree","Rarely","Remove","Yes","In the previous year","Yes","Disagree","Disagree","Agree","Remove","Yes","In the previous year","Yes","Disagree","Disagree","Agree","Keep","Yes","More than a year ago","Yes","Agree","Disagree","Disagree","Strongly agree","Strongly agree","Yes","Yes","Once a month","Once a month","Agree","Strongly agree"
"627","Disagree","Disagree","Disagree","Disagree","Disagree","Never","Disagree","Disagree","Disagree","Disagree","Disagree","Disagree","Never","Unsure","Yes","In the previous week","Yes","Neither agree nor disagree","Disagree","Neither agree nor disagree","Unsure","Unsure","In the previous year","Unsure","Neither agree nor disagree","Disagree","Neither agree nor disagree","Keep","Yes","Today","Yes","Agree","Disagree","Disagree","Strongly agree","Strongly agree","No","No","I do not want to be reminded","Once a year","Disagree","Neither agree nor disagree"
"577","Disagree","Strongly disagree","Disagree","Disagree","Neither agree nor disagree","Daily","Disagree","Neither agree nor disagree","Disagree","Disagree","Strongly disagree","Disagree","Yearly","Unsure","Yes","In the previous month","Yes","Agree","Agree","Neither agree nor disagree",,,,,,,,,,,,,,,"Disagree","Neither agree nor disagree","No","No","Once a year","Once every three years","Agree","Agree"
"584","Agree","Agree","Strongly agree","Strongly agree","Strongly agree","Weekly","Agree","Strongly agree","Strongly agree","Strongly agree","Strongly agree","Strongly agree","Monthly","Keep","Yes","In the previous week","Yes","Agree","Disagree","Disagree","Keep","Yes","In the previous month","Yes","Agree","Disagree","Disagree","Keep","Yes","In the previous week","No","Disagree","Strongly agree","Agree","Strongly agree","Strongly agree","Yes","Yes","Once a month","Once a year","Strongly agree","Strongly agree"
"579","Strongly agree","Strongly agree","Strongly agree","Agree","Strongly agree","Rarely",,,,,,,,,,,,,,,,,,,,,,,,,,,,,"Agree","Agree","Unsure","Yes","Once a month","Once a year","Strongly agree","Strongly agree"
"609","Strongly agree","Agree","Agree","Neither agree nor disagree","Strongly agree","Monthly",,,,,,,,,,,,,,,,,,,,,,,,,,,,,"Strongly agree","Strongly agree","Unsure","Yes","Once a month","Once a year","Agree","Strongly agree"
"615","Agree","Neither agree nor disagree","Agree","Neither agree nor disagree","Agree","Rarely","Agree","Disagree","Disagree","Neither agree nor disagree","Agree","Strongly agree","Rarely","Keep","Yes","In the previous week","Yes","Strongly agree","Strongly disagree","Strongly disagree","Keep","Yes","Today","Yes","Strongly agree","Strongly disagree","Strongly disagree","Keep","Yes","In the previous week","Yes","Agree","Disagree","Disagree","Strongly agree","Strongly agree","Yes","Yes","Once a year","Once a year","Neither agree nor disagree","Disagree"
"618","Strongly agree","Strongly agree","Strongly agree","Strongly agree","Strongly agree","Rarely","Strongly agree","Strongly agree","Strongly agree","Strongly agree","Strongly agree","Strongly agree","Monthly",,,,,,,,,,,,,,,"Keep","Yes","Today","Yes","Strongly agree","Agree","Neither agree nor disagree","Strongly agree","Strongly agree","Unsure","Yes","Once a month","I do not want to reapprove apps","Neither agree nor disagree","Strongly agree"
"567",,,,,,,,,,,,,,,,,,,,,,,,,,,,,,,,,,,"Strongly agree","Agree","Unsure","Yes","Once a month","Once a month","Neither agree nor disagree","Agree"
"517",,,,,,,,,,,,,,,,,,,,,,,,,,,,,,,,,,,"Agree","Agree","Yes","Yes","Once a month","Once a month","Strongly agree","Agree"
"597","Agree","Strongly agree","Strongly agree","Agree","Strongly agree","Weekly",,,,,,,,,,,,,,,,,,,,,,,,,,,,,"Strongly agree","Agree","Yes","Yes","Once a month","Once a month","Agree","Strongly agree"
"604","Agree","Agree","Disagree","Strongly disagree","Agree","Rarely","Agree","Agree","Disagree","Strongly disagree","Agree","Agree","Rarely","Keep","Yes","In the previous week","No","Neither agree nor disagree","Agree","Agree","Keep","Yes","In the previous month","No","Disagree","Agree","Agree","Keep","Yes","In the previous week","Yes","Strongly agree","Strongly disagree","Strongly disagree","Strongly agree","Strongly agree","Yes","Yes","Once a month","Once a year","Disagree","Agree"
"619",,,,,,,,,,,,,,,,,,,,,,,,,,,,,,,,,,,"Agree","Agree","No","Yes","Once a year","Once a year","Disagree","Agree"
"622","Agree","Agree","Neither agree nor disagree","Agree","Agree","Weekly","Agree","Neither agree nor disagree","Agree","Neither agree nor disagree","Neither agree nor disagree","Agree","Weekly","Unsure","Yes","In the previous year","Yes","Neither agree nor disagree","Disagree","Disagree","Unsure","No","Unsure","No","Disagree","Disagree","Disagree","Remove","Yes","More than a year ago","Yes","Disagree","Disagree","Disagree","Agree","Agree","Yes","Yes","Once a month","Once a year","Agree","Neither agree nor disagree"
"570","Agree","Neither agree nor disagree","Neither agree nor disagree","Neither agree nor disagree","Neither agree nor disagree","Never","Neither agree nor disagree","Neither agree nor disagree","Neither agree nor disagree","Neither agree nor disagree","Neither agree nor disagree","Neither agree nor disagree","Never","Keep","Yes","Today","No","Strongly agree","Disagree","Disagree",,,,,,,,"Keep","Yes","Today","Yes","Strongly agree","Disagree","Disagree","Disagree","Disagree","No","No","Once a year","Once a year","Neither agree nor disagree","Agree"
"610",,,,,,,,,,,,,,,,,,,,,,,,,,,,,,,,,,,"Strongly agree","Strongly agree","No","Yes","Once a year","Once a year","Agree","Agree"
"556","Agree","Strongly agree","Agree","Neither agree nor disagree","Strongly agree","Rarely","Agree","Strongly agree","Agree","Neither agree nor disagree","Agree","Strongly agree","Rarely","Keep","Yes","Today","Yes","Agree","Disagree","Disagree",,,,,,,,"Keep","Yes","In the previous year","Yes","Agree","Disagree","Disagree","Strongly agree","Strongly agree","No","Yes","Once a year","Once a year","Agree","Strongly agree"
