"id","perm1_concerned","perm1_necessary","perm1_understand","perm2_concerned","perm2_necessary","perm2_understand","perm3_concerned","perm3_necessary","perm3_understand","perm4_concerned","perm4_necessary","perm4_understand","perm5_concerned","perm5_necessary","perm5_understand","perm6_concerned","perm6_necessary","perm6_understand"
"122",,,,,,,,,,,,,,,,,,
"123",,,,"Concerned","Not necessary","Not confident",,,,,,,,,,,,
"124","Concerned","Not necessary","Not confident",,,,,,,,,,,,,,,
"119",,,,,,,,,,,,,,,,,,
"120",,,,"Slightly concerned","Necessary","Confident",,,,,,,,,,,,
"121","Slightly concerned","Necessary","Confident",,,,,,,,,,,,,,,
"117",,,,,,,,,,,,,,,,,,
"118",,,,,,,,,,,,,,,,,,
"126","Not concerned","Very necessary","Very confident",,,,,,,,,,,,,,,
"127",,,,"Not concerned","Very necessary","Very confident",,,,,,,,,,,,
"128",,,,,,,,,,,,,,,,,,
"129",,,,,,,,,,,,,,,,,,
"130",,,,,,,,,,,,,,,,,,
"131",,,,,,,,,,"Not concerned","Very necessary","Confident",,,,,,
"132","Not concerned","Very necessary","Confident",,,,,,,,,,,,,,,
"133",,,,"Not concerned","Very necessary","Confident",,,,,,,,,,,,
"125",,,,,,,"Slightly concerned","Necessary","Moderately confident",,,,,,,,,
"134",,,,,,,,,,,,,,,,,,
"136",,,,,,,,,,,,,,,,,,
"137",,,,,,,,,,,,,,,,,,
"138",,,,"Not concerned","Not necessary","Moderately confident",,,,,,,,,,,,
"139","Not concerned","Very necessary","Very confident",,,,,,,,,,,,,,,
"140",,,,,,,,,,,,,,,,,,
"141",,,,,,,,,,,,,"Not concerned","Necessary","Confident",,,
"135",,,,,,,,,,,,,"Not concerned","Necessary","Moderately confident",,,
"143","Not concerned","Moderately necessary","Very confident",,,,,,,,,,,,,,,
"144",,,,"Not concerned","Necessary","Very confident",,,,,,,,,,,,
"145",,,,,,,,,,,,,,,,,,
"146",,,,,,,,,,,,,,,,,,
"147",,,,,,,,,,,,,,,,,,
"142",,,,,,,,,,,,,,,,,,
"148",,,,,,,,,,,,,,,,,,
"154",,,,,,,"Not concerned","Very necessary","Confident",,,,,,,,,
"155",,,,,,,,,,,,,,,,"Moderately concerned","Slightly necessary","Confident"
"156",,,,,,,,,,"Moderately concerned","Slightly necessary","Confident",,,,,,
"157","Not concerned","Very necessary","Confident",,,,,,,,,,,,,,,
"158",,,,,,,,,,,,,,,,,,
"149","Not concerned","Necessary","Confident",,,,,,,,,,,,,,,
"150",,,,"Concerned","Slightly necessary","Moderately confident",,,,,,,,,,,,
"151",,,,,,,,,,,,,,,,,,
"152",,,,,,,,,,,,,,,,,,
"153",,,,,,,,,,,,,,,,,,
"164",,,,,,,,,,,,,,,,,,
"165",,,,,,,,,,,,,,,,,,
"166",,,,,,,,,,"Very concerned","Not necessary","Not confident",,,,,,
"167","Very concerned","Not necessary","Not confident",,,,,,,,,,,,,,,
"168",,,,,,,,,,,,,,,,,,
"159",,,,,,,,,,,,,,,,,,
"160",,,,,,,,,,"Very concerned","Slightly necessary","Slightly confident",,,,,,
"161",,,,,,,,,,,,,,,,"Very concerned","Slightly necessary","Slightly confident"
"162",,,,,,,,,,,,,,,,,,
"163","Very concerned","Slightly necessary","Slightly confident",,,,,,,,,,,,,,,
"169",,,,,,,,,,,,,,,,,,
"170",,,,,,,"Not concerned","Very necessary","Confident",,,,,,,,,
"171",,,,,,,,,,,,,,,,"Not concerned","Very necessary","Confident"
"172",,,,,,,,,,"Not concerned","Very necessary","Confident",,,,,,
"173",,,,,,,,,,,,,,,,,,
"174",,,,"Not concerned","Very necessary","Confident",,,,,,,,,,,,
"175","Not concerned","Very necessary","Confident",,,,,,,,,,,,,,,
"176",,,,,,,,,,,,,,,,,,
"177",,,,,,,,,,,,,,,,,,
"178",,,,"Moderately concerned","Slightly necessary","Very confident",,,,,,,,,,,,
"179","Slightly concerned","Necessary","Very confident",,,,,,,,,,,,,,,
"180",,,,"Very concerned","Not necessary","Very confident",,,,,,,,,,,,
"181","Very concerned","Not necessary","Very confident",,,,,,,,,,,,,,,
"182",,,,,,,,,,,,,,,,,,
"188",,,,"Slightly concerned","Not necessary","Slightly confident",,,,,,,,,,,,
"189","Slightly concerned","Not necessary","Slightly confident",,,,,,,,,,,,,,,
"190",,,,,,,,,,,,,,,,,,
"191",,,,,,,,,,,,,,,,,,
"183",,,,"Slightly concerned","Slightly necessary","Confident",,,,,,,,,,,,
"184","Not concerned","Slightly necessary","Confident",,,,,,,,,,,,,,,
"185",,,,,,,,,,,,,,,,,,
"186",,,,"Concerned","Not necessary","Not confident",,,,,,,,,,,,
"187",,,,,,,,,,,,,,,,,,
"192","Not concerned","Necessary","Confident",,,,,,,,,,,,,,,
"193",,,,"Not concerned","Moderately necessary","Confident",,,,,,,,,,,,
"194",,,,,,,,,,,,,,,,,,
"198",,,,,,,,,,,,,,,,,,
"199","Not concerned","Very necessary","Very confident",,,,,,,,,,,,,,,
"200",,,,"Slightly concerned","Moderately necessary","Moderately confident",,,,,,,,,,,,
"201",,,,,,,,,,,,,,,,,,
"202","Slightly concerned","Not necessary","Not confident",,,,,,,,,,,,,,,
"203",,,,"Moderately concerned","Not necessary","Not confident",,,,,,,,,,,,
"195",,,,,,,,,,,,,,,,,,
"196","Not concerned","Moderately necessary","Not confident",,,,,,,,,,,,,,,
"197",,,,"Slightly concerned","Slightly necessary","Not confident",,,,,,,,,,,,
"204","Not concerned","Very necessary","Very confident",,,,,,,,,,,,,,,
"205",,,,"Not concerned","Slightly necessary","Very confident",,,,,,,,,,,,
"206",,,,,,,,,,,,,,,,,,
"207",,,,,,,,,,,,,,,,,,
"210",,,,,,,,,,,,,,,,,,
"211",,,,,,,,,,,,,,,,,,
"212","Not concerned","Very necessary","Very confident",,,,,,,,,,,,,,,
"213",,,,"Not concerned","Slightly necessary","Very confident",,,,,,,,,,,,
"208",,,,,,,,,,,,,,,,,,
"209",,,,,,,,,,,,,"Not concerned","Very necessary","Very confident",,,
"216","Moderately concerned","Moderately necessary","Moderately confident",,,,,,,,,,,,,,,
"217",,,,"Concerned","Not necessary","Slightly confident",,,,,,,,,,,,
"218",,,,,,,,,,,,,,,,,,
"219",,,,,,,,,,,,,,,,,,
"220",,,,,,,,,,,,,"Concerned","Not necessary","Moderately confident",,,
"214",,,,,,,,,,,,,,,,,,
"215",,,,,,,,,,,,,,,,,,
"221",,,,,,,,,,,,,,,,,,
"222",,,,,,,,,,,,,,,,,,
"223","Not concerned","Very necessary","Very confident",,,,,,,,,,,,,,,
"224",,,,,,,,,,,,,,,,,,
"225",,,,,,,,,,,,,,,,,,
"227",,,,,,,,,,,,,,,,,,
"233",,,,,,,,,,,,,,,,,,
"234",,,,"Very concerned","Not necessary","Moderately confident",,,,,,,,,,,,
"235","Slightly concerned","Not necessary","Moderately confident",,,,,,,,,,,,,,,
"226",,,,,,,,,,,,,,,,,,
"228",,,,,,,"Not concerned","Necessary","Moderately confident",,,,,,,,,
"229",,,,,,,,,,,,,,,,"Not concerned","Moderately necessary","Confident"
"230",,,,,,,,,,"Slightly concerned","Moderately necessary","Moderately confident",,,,,,
"231","Not concerned","Necessary","Moderately confident",,,,,,,,,,,,,,,
"232",,,,"Moderately concerned","Slightly necessary","Slightly confident",,,,,,,,,,,,
"236",,,,,,,,,,,,,,,,,,
"237",,,,,,,,,,,,,,,,,,
"240","Slightly concerned","Moderately necessary","Confident",,,,,,,,,,,,,,,
"241",,,,"Concerned","Not necessary","Not confident",,,,,,,,,,,,
"242",,,,,,,,,,,,,,,,,,
"238",,,,,,,,,,,,,,,,,,
"239",,,,,,,,,,,,,,,,,,
"243",,,,,,,"Concerned","Moderately necessary","Slightly confident",,,,,,,,,
"244",,,,,,,,,,,,,,,,"Moderately concerned","Slightly necessary","Slightly confident"
"245",,,,,,,,,,"Slightly concerned","Slightly necessary","Moderately confident",,,,,,
"246",,,,,,,,,,,,,,,,,,
"247","Slightly concerned","Moderately necessary","Confident",,,,,,,,,,,,,,,
"248",,,,"Concerned","Slightly necessary","Moderately confident",,,,,,,,,,,,
"249",,,,,,,,,,,,,,,,,,
"254",,,,,,,,,,,,,,,,,,
"255",,,,,,,,,,,,,,,,,,
"250",,,,,,,,,,,,,"Not concerned","Slightly necessary","Not confident",,,
"251",,,,"Moderately concerned","Not necessary","Not confident",,,,,,,,,,,,
"252",,,,,,,,,,,,,,,,,,
"253",,,,,,,,,,,,,,,,,,
"256",,,,,,,,,,,,,"Slightly concerned","Slightly necessary","Not confident",,,
"262",,,,,,,,,,,,,,,,,,
"263",,,,,,,,,,,,,,,,,,
"264",,,,"Concerned","Not necessary","Confident",,,,,,,,,,,,
"265","Concerned","Not necessary","Confident",,,,,,,,,,,,,,,
"266",,,,,,,,,,,,,,,,,,
"267",,,,,,,,,,,,,,,,,,
"268",,,,,,,,,,,,,,,,,,
"269",,,,,,,,,,,,,,,,,,
"270",,,,"Not concerned","Necessary","Confident",,,,,,,,,,,,
"271",,,,,,,,,,,,,,,,,,
"272","Not concerned","Necessary","Confident",,,,,,,,,,,,,,,
"273",,,,,,,,,,,,,,,,,,
"257",,,,,,,"Slightly concerned","Necessary","Confident",,,,,,,,,
"258",,,,,,,,,,,,,,,,"Slightly concerned","Necessary","Confident"
"259",,,,,,,,,,,,,,,,,,
"260","Slightly concerned","Necessary","Confident",,,,,,,,,,,,,,,
"261",,,,,,,,,,"Slightly concerned","Necessary","Confident",,,,,,
"284",,,,,,,,,,,,,"Slightly concerned","Moderately necessary","Moderately confident",,,
"285",,,,,,,,,,,,,,,,,,
"286","Moderately concerned","Slightly necessary","Confident",,,,,,,,,,,,,,,
"277",,,,,,,,,,,,,"Moderately concerned","Slightly necessary","Slightly confident",,,
"274",,,,,,,"Slightly concerned","Very necessary","Very confident",,,,,,,,,
"275","Not concerned","Very necessary","Very confident",,,,,,,,,,,,,,,
"276",,,,,,,,,,,,,,,,,,
"287",,,,,,,,,,,,,,,,,,
"283",,,,,,,,,,,,,"Not concerned","Very necessary","Very confident",,,
"278",,,,,,,"Not concerned","Necessary","Very confident",,,,,,,,,
"279",,,,,,,,,,,,,,,,"Slightly concerned","Slightly necessary","Very confident"
"280",,,,,,,,,,"Moderately concerned","Moderately necessary","Confident",,,,,,
"281","Not concerned","Necessary","Confident",,,,,,,,,,,,,,,
"282",,,,,,,,,,,,,,,,,,
"293",,,,,,,,,,,,,,,,,,
"294",,,,,,,,,,,,,,,,,,
"295",,,,,,,,,,,,,,,,,,
"296",,,,,,,,,,,,,,,,,,
"297",,,,,,,,,,,,,,,,,,
"298",,,,,,,,,,,,,,,,,,
"299",,,,,,,,,,,,,,,,,,
"300",,,,,,,,,,,,,,,,,,
"301",,,,,,,,,,,,,,,,,,
"302","Not concerned","Moderately necessary","Moderately confident",,,,,,,,,,,,,,,
"303",,,,"Not concerned","Moderately necessary","Moderately confident",,,,,,,,,,,,
"304",,,,,,,,,,,,,,,,,,
"305",,,,,,,,,,,,,,,,,,
"288",,,,,,,,,,,,,,,,,,
"289",,,,,,,,,,,,,,,,,,
"290",,,,,,,,,,,,,,,,,,
"291",,,,"Not concerned","Moderately necessary","Confident",,,,,,,,,,,,
"292","Not concerned","Moderately necessary","Confident",,,,,,,,,,,,,,,
"306",,,,,,,,,,,,,,,,,,
"307",,,,,,,,,,,,,,,,,,
"312",,,,,,,,,,,,,"Slightly concerned","Necessary","Very confident",,,
"308",,,,,,,,,,,,,,,,,,
"309",,,,,,,,,,,,,,,,,,
"310","Slightly concerned","Necessary","Confident",,,,,,,,,,,,,,,
"311",,,,"Slightly concerned","Necessary","Confident",,,,,,,,,,,,
"313",,,,,,,"Not concerned","Necessary","Very confident",,,,,,,,,
"314",,,,,,,,,,,,,,,,"Not concerned","Necessary","Very confident"
"315",,,,,,,,,,"Not concerned","Necessary","Very confident",,,,,,
"316",,,,,,,,,,,,,,,,,,
"317","Not concerned","Necessary","Very confident",,,,,,,,,,,,,,,
"324",,,,,,,,,,,,,,,,,,
"325",,,,,,,,,,,,,,,,,,
"323",,,,,,,,,,,,,"Not concerned","Moderately necessary","Very confident",,,
"318",,,,,,,"Not concerned","Very necessary","Very confident",,,,,,,,,
"319",,,,,,,,,,,,,,,,"Not concerned","Necessary","Very confident"
"320",,,,,,,,,,"Not concerned","Very necessary","Very confident",,,,,,
"321",,,,,,,,,,,,,,,,,,
"322","Not concerned","Very necessary","Very confident",,,,,,,,,,,,,,,
"333",,,,"Not concerned","Not necessary","Not confident",,,,,,,,,,,,
"334","Not concerned","Not necessary","Not confident",,,,,,,,,,,,,,,
"335",,,,,,,,,,,,,,,,,,
"336",,,,,,,,,,,,,,,,,,
"331",,,,,,,,,,,,,,,,,,
"332",,,,,,,,,,,,,,,,,,
"326",,,,,,,"Moderately concerned","Slightly necessary","Slightly confident",,,,,,,,,
"327",,,,,,,,,,,,,,,,"Not concerned","Very necessary","Very confident"
"328",,,,,,,,,,"Not concerned","Moderately necessary","Very confident",,,,,,
"329",,,,,,,,,,,,,,,,,,
"330","Not concerned","Very necessary","Very confident",,,,,,,,,,,,,,,
"337",,,,,,,,,,,,,,,,,,
"338",,,,,,,,,,,,,,,,,,
"339",,,,,,,,,,,,,,,,,,
"340",,,,"Very concerned","Not necessary","Confident",,,,,,,,,,,,
"341","Very concerned","Not necessary","Confident",,,,,,,,,,,,,,,
"347",,,,,,,,,,,,,,,,,,
"348",,,,,,,,,,,,,,,,,,
"349","Not concerned","Moderately necessary","Not confident",,,,,,,,,,,,,,,
"350",,,,"Slightly concerned","Not necessary","Not confident",,,,,,,,,,,,
"351",,,,,,,,,,,,,,,,,,
"352","Not concerned","Moderately necessary","Confident",,,,,,,,,,,,,,,
"353",,,,"Concerned","Not necessary","Confident",,,,,,,,,,,,
"342",,,,,,,"Slightly concerned","Slightly necessary","Not confident",,,,,,,,,
"343",,,,,,,,,,,,,,,,"Slightly concerned","Slightly necessary","Not confident"
"344",,,,,,,,,,"Slightly concerned","Slightly necessary","Not confident",,,,,,
"345","Slightly concerned","Slightly necessary","Not confident",,,,,,,,,,,,,,,
"346",,,,"Slightly concerned","Slightly necessary","Not confident",,,,,,,,,,,,
"354",,,,,,,,,,,,,"Slightly concerned","Slightly necessary","Slightly confident",,,
"355","Moderately concerned","Moderately necessary","Moderately confident",,,,,,,,,,,,,,,
"356",,,,"Moderately concerned","Slightly necessary","Moderately confident",,,,,,,,,,,,
"357",,,,,,,,,,,,,,,,,,
"358",,,,"Slightly concerned","Slightly necessary","Moderately confident",,,,,,,,,,,,
"359","Not concerned","Moderately necessary","Moderately confident",,,,,,,,,,,,,,,
"360",,,,"Slightly concerned","Necessary","Confident",,,,,,,,,,,,
"361",,,,,,,,,,"Slightly concerned","Moderately necessary","Very confident",,,,,,
"362",,,,,,,,,,,,,,,,"Slightly concerned","Necessary","Confident"
"363",,,,,,,"Not concerned","Moderately necessary","Confident",,,,,,,,,
"364",,,,,,,,,,,,,,,,,,
"365","Not concerned","Moderately necessary","Confident",,,,,,,,,,,,,,,
"366",,,,,,,,,,,,,,,,"Moderately concerned","Slightly necessary","Slightly confident"
"367","Moderately concerned","Moderately necessary","Not confident",,,,,,,,,,,,,,,
"368",,,,"Concerned","Moderately necessary","Slightly confident",,,,,,,,,,,,
"369",,,,,,,,,,,,,,,,,,
"370",,,,,,,,,,,,,,,,,,
"371",,,,,,,,,,,,,,,,,,
"374",,,,,,,,,,,,,,,,,,
"375","Not concerned","Necessary","Very confident",,,,,,,,,,,,,,,
"376",,,,"Slightly concerned","Moderately necessary","Very confident",,,,,,,,,,,,
"372",,,,,,,,,,,,,,,,,,
"373",,,,,,,,,,,,,,,,,,
"385",,,,,,,,,,,,,,,,,,
"386",,,,,,,,,,,,,,,,,,
"387","Slightly concerned","Moderately necessary","Confident",,,,,,,,,,,,,,,
"388",,,,"Slightly concerned","Moderately necessary","Moderately confident",,,,,,,,,,,,
"377",,,,,,,"Not concerned","Moderately necessary","Confident",,,,,,,,,
"378",,,,,,,,,,,,,,,,"Not concerned","Moderately necessary","Confident"
"379",,,,,,,,,,"Slightly concerned","Moderately necessary","Confident",,,,,,
"380","Slightly concerned","Moderately necessary","Confident",,,,,,,,,,,,,,,
"381",,,,"Slightly concerned","Moderately necessary","Confident",,,,,,,,,,,,
"382",,,,,,,,,,,,,,,,,,
"383","Moderately concerned","Slightly necessary","Moderately confident",,,,,,,,,,,,,,,
"384",,,,"Moderately concerned","Slightly necessary","Slightly confident",,,,,,,,,,,,
"397",,,,,,,,,,,,,,,,,,
"389",,,,,,,"Not concerned","Very necessary","Confident",,,,,,,,,
"390",,,,,,,,,,,,,,,,,,
"391",,,,,,,,,,"Not concerned","Necessary","Moderately confident",,,,,,
"392","Not concerned","Very necessary","Confident",,,,,,,,,,,,,,,
"393",,,,,,,,,,,,,,,,,,
"394",,,,,,,,,,,,,,,,,,
"395",,,,,,,,,,,,,,,,,,
"396",,,,,,,,,,,,,,,,,,
"398",,,,,,,,,,,,,,,,,,
"399",,,,,,,,,,,,,,,,,,
"400",,,,"Moderately concerned","Not necessary","Slightly confident",,,,,,,,,,,,
"401","Moderately concerned","Moderately necessary","Confident",,,,,,,,,,,,,,,
"402",,,,,,,,,,,,,,,,,,
"406",,,,,,,"Slightly concerned","Necessary","Confident",,,,,,,,,
"407",,,,,,,,,,,,,,,,"Slightly concerned","Moderately necessary","Very confident"
"408",,,,,,,,,,,,,,,,,,
"409","Moderately concerned","Moderately necessary","Moderately confident",,,,,,,,,,,,,,,
"410",,,,,,,,,,"Slightly concerned","Moderately necessary","Moderately confident",,,,,,
"403",,,,,,,,,,,,,,,,,,
"404",,,,"Very concerned","Not necessary","Not confident",,,,,,,,,,,,
"405","Moderately concerned","Slightly necessary","Slightly confident",,,,,,,,,,,,,,,
"417",,,,,,,,,,,,,,,,,,
"418","Not concerned","Moderately necessary","Not confident",,,,,,,,,,,,,,,
"419",,,,"Slightly concerned","Slightly necessary","Slightly confident",,,,,,,,,,,,
"411",,,,,,,,,,"Concerned","Not necessary","Not confident",,,,,,
"412","Not concerned","Moderately necessary","Not confident",,,,,,,,,,,,,,,
"413",,,,"Concerned","Slightly necessary","Not confident",,,,,,,,,,,,
"414",,,,,,,"Moderately concerned","Necessary","Slightly confident",,,,,,,,,
"415","Not concerned","Necessary","Moderately confident",,,,,,,,,,,,,,,
"416",,,,"Slightly concerned","Not necessary","Slightly confident",,,,,,,,,,,,
"420",,,,,,,,,,,,,,,,,,
"421","Not concerned","Necessary","Confident",,,,,,,,,,,,,,,
"422",,,,"Not concerned","Necessary","Confident",,,,,,,,,,,,
"423",,,,,,,"Slightly concerned","Necessary","Very confident",,,,,,,,,
"424",,,,,,,,,,,,,,,,,,
"425","Not concerned","Necessary","Very confident",,,,,,,,,,,,,,,
"429",,,,,,,"Slightly concerned","Necessary","Very confident",,,,,,,,,
"430",,,,,,,,,,,,,,,,"Slightly concerned","Necessary","Very confident"
"431",,,,,,,,,,"Slightly concerned","Moderately necessary","Very confident",,,,,,
"432",,,,,,,,,,,,,,,,,,
"433",,,,"Slightly concerned","Moderately necessary","Confident",,,,,,,,,,,,
"434","Not concerned","Necessary","Very confident",,,,,,,,,,,,,,,
"426",,,,,,,,,,,,,,,,,,
"427",,,,"Moderately concerned","Moderately necessary","Confident",,,,,,,,,,,,
"428","Moderately concerned","Moderately necessary","Confident",,,,,,,,,,,,,,,
"436",,,,,,,,,,,,,,,,,,
"437",,,,,,,,,,,,,,,,,,
"438",,,,"Concerned","Not necessary","Not confident",,,,,,,,,,,,
"439","Concerned","Not necessary","Moderately confident",,,,,,,,,,,,,,,
"435",,,,,,,,,,,,,,,,,,
"440",,,,,,,,,,,,,,,,,,
"441",,,,"Concerned","Necessary","Confident",,,,,,,,,,,,
"442","Concerned","Necessary","Confident",,,,,,,,,,,,,,,
"446","Moderately concerned","Slightly necessary","Confident",,,,,,,,,,,,,,,
"447",,,,"Concerned","Not necessary","Confident",,,,,,,,,,,,
"448",,,,,,,,,,,,,,,,,,
"449",,,,,,,,,,,,,,,,,,
"443",,,,,,,"Moderately concerned","Very necessary","Confident",,,,,,,,,
"444","Slightly concerned","Necessary","Confident",,,,,,,,,,,,,,,
"445",,,,,,,,,,,,,,,,,,
"460",,,,,,,,,,,,,,,,,,
"461","Not concerned","Very necessary","Very confident",,,,,,,,,,,,,,,
"462",,,,,,,,,,,,,,,,,,
"451",,,,,,,,,,,,,,,,,,
"452",,,,,,,,,,,,,,,,,,
"453",,,,,,,,,,,,,,,,,,
"454",,,,,,,,,,,,,,,,,,
"455",,,,,,,,,,,,,,,,,,
"456","Not concerned","Very necessary","Very confident",,,,,,,,,,,,,,,
"457",,,,"Not concerned","Very necessary","Very confident",,,,,,,,,,,,
"458",,,,,,,,,,,,,,,,,,
"459",,,,,,,,,,,,,,,,,,
"450",,,,,,,,,,,,,,,,,,
"470",,,,,,,,,,,,,,,,,,
"471",,,,,,,,,,,,,"Slightly concerned","Slightly necessary","Confident",,,
"463",,,,,,,"Very concerned","Not necessary","Not confident",,,,,,,,,
"464","Moderately concerned","Not necessary","Slightly confident",,,,,,,,,,,,,,,
"465",,,,,,,,,,,,,,,,,,
"466",,,,,,,,,,,,,,,,,,
"467",,,,,,,,,,,,,,,,,,
"468","Not concerned","Slightly necessary","Confident",,,,,,,,,,,,,,,
"469",,,,"Not concerned","Slightly necessary","Confident",,,,,,,,,,,,
"472",,,,,,,,,,,,,,,,,,
"473",,,,,,,,,,,,,,,,,,
"474",,,,"Concerned","Not necessary","Confident",,,,,,,,,,,,
"475","Moderately concerned","Not necessary","Confident",,,,,,,,,,,,,,,
"476",,,,,,,,,,,,,,,,,,
"477",,,,"Concerned","Not necessary","Moderately confident",,,,,,,,,,,,
"478","Slightly concerned","Slightly necessary","Moderately confident",,,,,,,,,,,,,,,
"479",,,,,,,"Slightly concerned","Necessary","Confident",,,,,,,,,
"480",,,,,,,,,,,,,,,,"Slightly concerned","Necessary","Confident"
"481",,,,,,,,,,"Slightly concerned","Slightly necessary","Confident",,,,,,
"482","Slightly concerned","Moderately necessary","Confident",,,,,,,,,,,,,,,
"483",,,,,,,,,,,,,,,,,,
"484",,,,,,,,,,,,,,,,,,
"485",,,,,,,,,,,,,,,,,,
"486",,,,,,,,,,,,,,,,,,
"487","Moderately concerned","Not necessary","Confident",,,,,,,,,,,,,,,
"488",,,,"Concerned","Not necessary","Confident",,,,,,,,,,,,
"489",,,,,,,,,,,,,,,,,,
"490",,,,,,,,,,,,,,,,,,
"491","Not concerned","Necessary","Very confident",,,,,,,,,,,,,,,
"492",,,,,,,,,,,,,,,,,,
"493","Not concerned","Necessary","Confident",,,,,,,,,,,,,,,
"494",,,,,,,,,,,,,,,,,,
"495",,,,"Not concerned","Moderately necessary","Confident",,,,,,,,,,,,
"499",,,,,,,,,,,,,,,,,,
"500",,,,,,,,,,,,,,,,,,
"501","Not concerned","Very necessary","Very confident",,,,,,,,,,,,,,,
"502",,,,"Slightly concerned","Moderately necessary","Confident",,,,,,,,,,,,
"496","Not concerned","Very necessary","Very confident",,,,,,,,,,,,,,,
"497",,,,"Slightly concerned","Moderately necessary","Confident",,,,,,,,,,,,
"498",,,,,,,,,,,,,,,,,,
"503","Not concerned","Necessary","Confident",,,,,,,,,,,,,,,
"504",,,,"Not concerned","Necessary","Confident",,,,,,,,,,,,
"505",,,,,,,,,,,,,,,,,,
"506",,,,,,,,,,,,,,,,,,
"507","Slightly concerned","Moderately necessary","Moderately confident",,,,,,,,,,,,,,,
"508",,,,"Concerned","Moderately necessary","Slightly confident",,,,,,,,,,,,
"509",,,,,,,"Slightly concerned","Very necessary","Confident",,,,,,,,,
"510",,,,,,,,,,,,,,,,"Slightly concerned","Very necessary","Very confident"
"511",,,,,,,,,,"Slightly concerned","Very necessary","Confident",,,,,,
"512","Not concerned","Necessary","Very confident",,,,,,,,,,,,,,,
"513",,,,"Moderately concerned","Necessary","Confident",,,,,,,,,,,,
"515",,,,,,,,,,,,,,,,,,
"516",,,,"Concerned","Not necessary","Not confident",,,,,,,,,,,,
"517","Concerned","Not necessary","Not confident",,,,,,,,,,,,,,,
"514",,,,,,,,,,,,,,,,,,
"521",,,,,,,,,,,,,"Not concerned","Necessary","Very confident",,,
"522",,,,,,,,,,,,,,,,,,
"523","Not concerned","Necessary","Very confident",,,,,,,,,,,,,,,
"518",,,,,,,,,,,,,,,,,,
"519","Not concerned","Very necessary","Very confident",,,,,,,,,,,,,,,
"520",,,,"Not concerned","Not necessary","Very confident",,,,,,,,,,,,
"524",,,,,,,,,,,,,"Not concerned","Necessary","Very confident",,,
"525",,,,,,,,,,,,,,,,,,
"526",,,,,,,,,,,,,,,,,,
"527",,,,,,,,,,,,,,,,,,
"528",,,,"Moderately concerned","Moderately necessary","Moderately confident",,,,,,,,,,,,
"529","Moderately concerned","Moderately necessary","Moderately confident",,,,,,,,,,,,,,,
"533",,,,,,,,,,,,,"Not concerned","Necessary","Confident",,,
"532",,,,,,,,,,,,,,,,,,
"530",,,,,,,,,,,,,,,,,,
"531",,,,,,,,,,,,,,,,,,
"534",,,,,,,,,,,,,,,,,,
"535",,,,,,,,,,,,,,,,,,
"536",,,,"Slightly concerned","Not necessary","Moderately confident",,,,,,,,,,,,
"537","Not concerned","Moderately necessary","Confident",,,,,,,,,,,,,,,
"538",,,,,,,,,,,,,,,,,,
"539",,,,,,,,,,,,,,,,,,
"540",,,,,,,,,,,,,,,,,,
"545",,,,,,,,,,,,,,,,,,
"546","Not concerned","Necessary","Confident",,,,,,,,,,,,,,,
"547",,,,"Moderately concerned","Slightly necessary","Slightly confident",,,,,,,,,,,,
"541",,,,,,,,,,,,,,,,,,
"542",,,,,,,,,,,,,,,,,,
"543","Not concerned","Necessary","Confident",,,,,,,,,,,,,,,
"544",,,,"Moderately concerned","Not necessary","Slightly confident",,,,,,,,,,,,
"551",,,,"Slightly concerned","Slightly necessary","Very confident",,,,,,,,,,,,
"552","Slightly concerned","Necessary","Very confident",,,,,,,,,,,,,,,
"553",,,,,,,,,,,,,,,,,,
"554",,,,,,,,,,,,,,,,,,
"550",,,,,,,,,,,,,,,,,,
"548",,,,,,,,,,,,,"Not concerned","Necessary","Very confident",,,
"549",,,,,,,,,,,,,,,,,,
"564",,,,,,,,,,,,,,,,,,
"565",,,,,,,,,,,,,"Not concerned","Slightly necessary","Very confident",,,
"558",,,,,,,,,,,,,"Not concerned","Not necessary","Very confident",,,
"555",,,,,,,,,,"Concerned","Not necessary","Very confident",,,,,,
"556","Slightly concerned","Moderately necessary","Very confident",,,,,,,,,,,,,,,
"557",,,,"Slightly concerned","Moderately necessary","Confident",,,,,,,,,,,,
"559",,,,,,,"Not concerned","Very necessary","Very confident",,,,,,,,,
"560",,,,,,,,,,,,,,,,"Not concerned","Very necessary","Very confident"
"561",,,,,,,,,,"Not concerned","Very necessary","Very confident",,,,,,
"562","Not concerned","Very necessary","Very confident",,,,,,,,,,,,,,,
"563",,,,"Slightly concerned","Necessary","Very confident",,,,,,,,,,,,
"566",,,,,,,,,,,,,,,,,,
"568",,,,,,,"Not concerned","Very necessary","Very confident",,,,,,,,,
"569","Not concerned","Very necessary","Very confident",,,,,,,,,,,,,,,
"570",,,,,,,,,,,,,,,,,,
"567",,,,,,,,,,,,,,,,,,
"571",,,,,,,"Slightly concerned","Very necessary","Confident",,,,,,,,,
"572",,,,,,,,,,,,,,,,"Not concerned","Necessary","Moderately confident"
"573",,,,,,,,,,"Slightly concerned","Very necessary","Confident",,,,,,
"574","Not concerned","Necessary","Moderately confident",,,,,,,,,,,,,,,
"575",,,,,,,,,,,,,,,,,,
"584",,,,,,,,,,,,,,,,,,
"580",,,,,,,,,,,,,,,,,,
"585",,,,,,,"Not concerned","Necessary","Not confident",,,,,,,,,
"586",,,,,,,,,,,,,,,,"Not concerned","Necessary","Not confident"
"587",,,,,,,,,,"Not concerned","Necessary","Not confident",,,,,,
"588",,,,,,,,,,,,,,,,,,
"589",,,,"Not concerned","Necessary","Not confident",,,,,,,,,,,,
"590","Not concerned","Necessary","Not confident",,,,,,,,,,,,,,,
"576",,,,,,,"Concerned","Not necessary","Not confident",,,,,,,,,
"577",,,,,,,,,,"Concerned","Not necessary","Not confident",,,,,,
"578","Slightly concerned","Necessary","Not confident",,,,,,,,,,,,,,,
"579",,,,"Concerned","Not necessary","Not confident",,,,,,,,,,,,
"581",,,,"Concerned","Not necessary","Not confident",,,,,,,,,,,,
"582",,,,,,,,,,,,,,,,,,
"583","Concerned","Not necessary","Not confident",,,,,,,,,,,,,,,
"596","Not concerned","Very necessary","Very confident",,,,,,,,,,,,,,,
"597",,,,"Not concerned","Very necessary","Very confident",,,,,,,,,,,,
"598",,,,,,,,,,,,,,,,,,
"593","Not concerned","Not necessary","Very confident",,,,,,,,,,,,,,,
"594",,,,"Not concerned","Not necessary","Very confident",,,,,,,,,,,,
"595",,,,,,,,,,,,,,,,,,
"591",,,,,,,,,,,,,,,,,,
"592",,,,,,,,,,,,,,,,,,
"602",,,,,,,,,,,,,,,,,,
"603","Not concerned","Slightly necessary","Very confident",,,,,,,,,,,,,,,
"604",,,,"Moderately concerned","Not necessary","Very confident",,,,,,,,,,,,
"599",,,,,,,,,,"Very concerned","Not necessary","Very confident",,,,,,
"600","Concerned","Not necessary","Very confident",,,,,,,,,,,,,,,
"601",,,,"Concerned","Not necessary","Very confident",,,,,,,,,,,,
"611",,,,,,,,,,,,,,,,,,
"609",,,,,,,,,,,,,"Concerned","Not necessary","Not confident",,,
"610",,,,,,,,,,,,,,,,,,
"605","Slightly concerned","Moderately necessary","Moderately confident",,,,,,,,,,,,,,,
"606",,,,"Slightly concerned","Moderately necessary","Moderately confident",,,,,,,,,,,,
"607",,,,,,,,,,,,,,,,,,
"608",,,,,,,,,,,,,,,,,,
"618",,,,,,,,,,,,,"Slightly concerned","Slightly necessary","Slightly confident",,,
"617",,,,,,,,,,,,,"Slightly concerned","Slightly necessary","Moderately confident",,,
"612",,,,,,,"Moderately concerned","Not necessary","Not confident",,,,,,,,,
"613",,,,,,,,,,,,,,,,"Moderately concerned","Not necessary","Not confident"
"614",,,,,,,,,,"Moderately concerned","Not necessary","Not confident",,,,,,
"615","Moderately concerned","Not necessary","Confident",,,,,,,,,,,,,,,
"616",,,,,,,,,,,,,,,,,,
"619",,,,,,,"Slightly concerned","Moderately necessary","Slightly confident",,,,,,,,,
"620",,,,,,,,,,,,,,,,"Slightly concerned","Moderately necessary","Moderately confident"
"621",,,,,,,,,,"Slightly concerned","Moderately necessary","Moderately confident",,,,,,
"622",,,,,,,,,,,,,,,,,,
"623",,,,"Slightly concerned","Moderately necessary","Confident",,,,,,,,,,,,
"624","Not concerned","Necessary","Very confident",,,,,,,,,,,,,,,
"625",,,,,,,,,,,,,,,,,,
"626",,,,,,,,,,,,,,,,,,
"627","Slightly concerned","Necessary","Very confident",,,,,,,,,,,,,,,
"628",,,,"Moderately concerned","Slightly necessary","Moderately confident",,,,,,,,,,,,
"629",,,,,,,,,,,,,,,,,,
"633",,,,,,,,,,,,,,,,,,
"630",,,,,,,"Not concerned","Very necessary","Very confident",,,,,,,,,
"631",,,,,,,,,,,,,,,,,,
"632",,,,,,,,,,,,,,,,,,
"634",,,,,,,,,,,,,,,,,,
"635",,,,,,,,,,,,,,,,,,
"636",,,,,,,,,,,,,,,,,,
"637","Slightly concerned","Moderately necessary","Moderately confident",,,,,,,,,,,,,,,
"638",,,,"Slightly concerned","Moderately necessary","Moderately confident",,,,,,,,,,,,
"642",,,,,,,"Not concerned","Very necessary","Not confident",,,,,,,,,
"643",,,,"Very concerned","Not necessary","Not confident",,,,,,,,,,,,
"644","Not concerned","Very necessary","Not confident",,,,,,,,,,,,,,,
"639",,,,"Very concerned","Not necessary","Not confident",,,,,,,,,,,,
"640","Not concerned","Very necessary","Very confident",,,,,,,,,,,,,,,
"641",,,,,,,,,,,,,,,,,,
"645",,,,,,,"Not concerned","Very necessary","Very confident",,,,,,,,,
"646",,,,,,,,,,,,,,,,"Not concerned","Very necessary","Very confident"
"647",,,,,,,,,,"Not concerned","Very necessary","Very confident",,,,,,
"648","Not concerned","Very necessary","Very confident",,,,,,,,,,,,,,,
"649",,,,,,,,,,,,,,,,,,
"650",,,,,,,"Not concerned","Very necessary","Very confident",,,,,,,,,
"651",,,,,,,,,,,,,,,,"Not concerned","Not necessary","Confident"
"652",,,,,,,,,,"Not concerned","Not necessary","Confident",,,,,,
"653","Not concerned","Moderately necessary","Very confident",,,,,,,,,,,,,,,
"654",,,,,,,,,,,,,,,,,,
"663",,,,,,,,,,,,,,,,,,
"658",,,,,,,,,,,,,,,,,,
"659",,,,,,,,,,,,,,,,,,
"660",,,,,,,,,,,,,,,,,,
"661","Very concerned","Not necessary","Very confident",,,,,,,,,,,,,,,
"662",,,,"Very concerned","Not necessary","Very confident",,,,,,,,,,,,
"655",,,,,,,,,,,,,,,,,,
"656","Not concerned","Not necessary","Very confident",,,,,,,,,,,,,,,
"657",,,,,,,,,,,,,,,,,,
"668",,,,,,,,,,,,,,,,,,
"669","Not concerned","Necessary","Confident",,,,,,,,,,,,,,,
"670",,,,"Slightly concerned","Necessary","Confident",,,,,,,,,,,,
"664",,,,,,,,,,,,,,,,,,
"665",,,,,,,,,,,,,,,,,,
"666","Slightly concerned","Not necessary","Not confident",,,,,,,,,,,,,,,
"667",,,,"Moderately concerned","Not necessary","Not confident",,,,,,,,,,,,
"671",,,,,,,,,,,,,"Slightly concerned","Necessary","Confident",,,
"675",,,,,,,,,,,,,,,,,,
"676","Not concerned","Moderately necessary","Moderately confident",,,,,,,,,,,,,,,
"677",,,,"Slightly concerned","Slightly necessary","Slightly confident",,,,,,,,,,,,
"672","Slightly concerned","Necessary","Confident",,,,,,,,,,,,,,,
"673",,,,"Slightly concerned","Necessary","Confident",,,,,,,,,,,,
"674",,,,,,,,,,,,,,,,,,
"678",,,,,,,"Concerned","Very necessary","Confident",,,,,,,,,
"679",,,,"Slightly concerned","Slightly necessary","Confident",,,,,,,,,,,,
"680","Moderately concerned","Necessary","Moderately confident",,,,,,,,,,,,,,,
"681",,,,,,,,,,,,,,,,,,
"682",,,,,,,,,,,,,,,,,,
"683",,,,"Moderately concerned","Moderately necessary","Moderately confident",,,,,,,,,,,,
"684","Moderately concerned","Moderately necessary","Confident",,,,,,,,,,,,,,,
"685",,,,,,,"Concerned","Slightly necessary","Confident",,,,,,,,,
"686",,,,,,,,,,,,,,,,"Concerned","Slightly necessary","Confident"
"687",,,,,,,,,,"Concerned","Slightly necessary","Confident",,,,,,
"688","Not concerned","Moderately necessary","Very confident",,,,,,,,,,,,,,,
"689",,,,,,,,,,,,,,,,,,
"690",,,,,,,"Not concerned","Moderately necessary","Not confident",,,,,,,,,
"691",,,,,,,,,,,,,,,,"Not concerned","Moderately necessary","Slightly confident"
"692",,,,,,,,,,,,,,,,,,
"693",,,,,,,,,,"Not concerned","Moderately necessary","Slightly confident",,,,,,
"694",,,,,,,,,,,,,,,,,,
"695",,,,,,,,,,,,,,,,,,
"696",,,,,,,,,,,,,,,,,,
"697",,,,"Not concerned","Moderately necessary","Slightly confident",,,,,,,,,,,,
"698","Not concerned","Moderately necessary","Slightly confident",,,,,,,,,,,,,,,
"699",,,,,,,,,,,,,,,,,,
"700",,,,,,,,,,,,,,,,,,
"701",,,,,,,,,,,,,,,,,,
"702",,,,"Concerned","Moderately necessary","Not confident",,,,,,,,,,,,
"703","Slightly concerned","Slightly necessary","Not confident",,,,,,,,,,,,,,,
"708",,,,,,,,,,,,,,,,,,
"709",,,,,,,,,,,,,,,,,,
"710",,,,,,,,,,,,,"Not concerned","Moderately necessary","Confident",,,
"711","Not concerned","Necessary","Very confident",,,,,,,,,,,,,,,
"712",,,,,,,,,,,,,,,,,,
"704","Not concerned","Very necessary","Very confident",,,,,,,,,,,,,,,
"705",,,,"Slightly concerned","Moderately necessary","Very confident",,,,,,,,,,,,
"706",,,,,,,,,,,,,,,,,,
"707",,,,,,,,,,,,,,,,,,
"719",,,,,,,,,,,,,"Not concerned","Slightly necessary","Confident",,,
"720",,,,"Moderately concerned","Not necessary","Very confident",,,,,,,,,,,,
"721","Moderately concerned","Not necessary","Very confident",,,,,,,,,,,,,,,
"714",,,,,,,"Not concerned","Necessary","Confident",,,,,,,,,
"715",,,,,,,,,,,,,,,,"Not concerned","Necessary","Confident"
"716",,,,,,,,,,"Not concerned","Necessary","Confident",,,,,,
"717",,,,,,,,,,,,,,,,,,
"718","Not concerned","Necessary","Confident",,,,,,,,,,,,,,,
"713",,,,,,,,,,,,,"Not concerned","Slightly necessary","Confident",,,
"722",,,,,,,"Slightly concerned","Slightly necessary","Confident",,,,,,,,,
"723",,,,,,,,,,,,,,,,"Not concerned","Not necessary","Confident"
"724",,,,,,,,,,"Not concerned","Not necessary","Slightly confident",,,,,,
"725",,,,,,,,,,,,,,,,,,
"726","Not concerned","Necessary","Moderately confident",,,,,,,,,,,,,,,
"737",,,,,,,"Moderately concerned","Moderately necessary","Moderately confident",,,,,,,,,
"738",,,,,,,,,,,,,,,,"Slightly concerned","Moderately necessary","Confident"
"739",,,,,,,,,,"Slightly concerned","Slightly necessary","Confident",,,,,,
"740",,,,,,,,,,,,,,,,,,
"741","Not concerned","Moderately necessary","Confident",,,,,,,,,,,,,,,
"732",,,,,,,,,,,,,,,,,,
"733",,,,,,,,,,,,,,,,,,
"734",,,,,,,,,,,,,,,,,,
"735","Not concerned","Slightly necessary","Confident",,,,,,,,,,,,,,,
"736",,,,"Concerned","Moderately necessary","Slightly confident",,,,,,,,,,,,
"742",,,,,,,"Slightly concerned","Moderately necessary","Moderately confident",,,,,,,,,
"743",,,,"Moderately concerned","Moderately necessary","Moderately confident",,,,,,,,,,,,
"727",,,,,,,,,,"Moderately concerned","Not necessary","Moderately confident",,,,,,
"728",,,,,,,,,,,,,,,,,,
"729","Not concerned","Necessary","Confident",,,,,,,,,,,,,,,
"730",,,,"Slightly concerned","Slightly necessary","Confident",,,,,,,,,,,,
"731",,,,,,,,,,,,,,,,,,
"744",,,,,,,,,,,,,"Concerned","Not necessary","Slightly confident",,,
"745",,,,,,,,,,,,,,,,,,
"746","Concerned","Not necessary","Confident",,,,,,,,,,,,,,,
"747",,,,,,,,,,,,,"Very concerned","Not necessary","Not confident",,,
"748",,,,,,,,,,,,,"Concerned","Not necessary","Not confident",,,
"749",,,,,,,,,,,,,,,,,,
"750",,,,,,,,,,,,,,,,,,
"751",,,,,,,,,,,,,,,,,,
"752",,,,"Slightly concerned","Slightly necessary","Very confident",,,,,,,,,,,,
"753","Not concerned","Necessary","Very confident",,,,,,,,,,,,,,,
"754",,,,,,,,,,,,,"Not concerned","Necessary","Very confident",,,
"755",,,,,,,,,,,,,,,,,,
"756",,,,,,,,,,,,,,,,,,
"757",,,,"Not concerned","Moderately necessary","Very confident",,,,,,,,,,,,
"758","Not concerned","Necessary","Very confident",,,,,,,,,,,,,,,
"759",,,,,,,,,,,,,,,,,,
"763","Not concerned","Very necessary","Very confident",,,,,,,,,,,,,,,
"764",,,,,,,,,,,,,,,,,,
"765",,,,,,,,,,"Not concerned","Very necessary","Very confident",,,,,,
"766",,,,,,,,,,,,,,,,"Not concerned","Very necessary","Very confident"
"767",,,,,,,"Not concerned","Very necessary","Very confident",,,,,,,,,
"760",,,,,,,,,,,,,,,,,,
"761","Not concerned","Very necessary","Very confident",,,,,,,,,,,,,,,
"762",,,,"Slightly concerned","Slightly necessary","Slightly confident",,,,,,,,,,,,
"774",,,,,,,,,,,,,,,,,,
"775",,,,,,,,,,,,,,,,,,
"776","Not concerned","Necessary","Moderately confident",,,,,,,,,,,,,,,
"777",,,,"Slightly concerned","Slightly necessary","Slightly confident",,,,,,,,,,,,
"771",,,,,,,,,,,,,,,,,,
"772","Not concerned","Necessary","Moderately confident",,,,,,,,,,,,,,,
"773",,,,"Slightly concerned","Slightly necessary","Moderately confident",,,,,,,,,,,,
"768",,,,,,,,,,,,,,,,,,
"769","Not concerned","Not necessary","Not confident",,,,,,,,,,,,,,,
"770",,,,"Moderately concerned","Moderately necessary","Slightly confident",,,,,,,,,,,,
"786",,,,"Moderately concerned","Slightly necessary","Slightly confident",,,,,,,,,,,,
"787","Slightly concerned","Moderately necessary","Slightly confident",,,,,,,,,,,,,,,
"788",,,,,,,,,,,,,,,,,,
"789",,,,,,,,,,,,,,,,,,
"790",,,,,,,,,,,,,,,,,,
"778",,,,,,,"Not concerned","Very necessary","Very confident",,,,,,,,,
"779",,,,,,,,,,,,,,,,,,
"780",,,,,,,,,,,,,,,,"Not concerned","Slightly necessary","Very confident"
"781",,,,,,,,,,"Slightly concerned","Necessary","Moderately confident",,,,,,
"782",,,,,,,,,,,,,,,,,,
"783","Not concerned","Necessary","Confident",,,,,,,,,,,,,,,
"784",,,,,,,,,,,,,,,,,,
"785",,,,,,,,,,,,,,,,,,
"796",,,,,,,"Moderately concerned","Necessary","Moderately confident",,,,,,,,,
"797",,,,,,,,,,,,,,,,"Slightly concerned","Necessary","Moderately confident"
"798",,,,,,,,,,"Slightly concerned","Necessary","Moderately confident",,,,,,
"799",,,,,,,,,,,,,,,,,,
"800","Slightly concerned","Necessary","Confident",,,,,,,,,,,,,,,
"791",,,,,,,,,,,,,,,,,,
"792",,,,,,,,,,,,,,,,,,
"793","Not concerned","Necessary","Confident",,,,,,,,,,,,,,,
"794",,,,,,,,,,,,,,,,,,
"795",,,,,,,,,,,,,,,,,,
"801",,,,,,,,,,,,,,,,,,
"802",,,,,,,,,,,,,"Not concerned","Very necessary","Very confident",,,
"804",,,,,,,,,,,,,"Not concerned","Very necessary","Very confident",,,
"803",,,,,,,,,,,,,"Very concerned","Very necessary","Very confident",,,
"805",,,,,,,,,,,,,,,,,,
"806",,,,,,,,,,"Not concerned","Not necessary","Confident",,,,,,
"807",,,,"Not concerned","Slightly necessary","Confident",,,,,,,,,,,,
"808","Not concerned","Moderately necessary","Confident",,,,,,,,,,,,,,,
"809",,,,,,,,,,,,,,,,,,
"810",,,,,,,,,,,,,,,,,,
"811",,,,"Not concerned","Necessary","Moderately confident",,,,,,,,,,,,
"812","Not concerned","Necessary","Confident",,,,,,,,,,,,,,,
"813","Slightly concerned","Not necessary","Moderately confident",,,,,,,,,,,,,,,
"814",,,,"Slightly concerned","Not necessary","Moderately confident",,,,,,,,,,,,
"815",,,,,,,,,,,,,,,,,,
"816",,,,,,,,,,,,,,,,,,
"817",,,,,,,,,,,,,,,,,,
"818",,,,,,,,,,,,,"Not concerned","Necessary","Confident",,,
"822","Not concerned","Necessary","Very confident",,,,,,,,,,,,,,,
"823",,,,"Moderately concerned","Slightly necessary","Slightly confident",,,,,,,,,,,,
"824",,,,,,,,,,,,,,,,,,
"825",,,,,,,"Not concerned","Very necessary","Very confident",,,,,,,,,
"826",,,,,,,,,,,,,,,,"Not concerned","Very necessary","Very confident"
"827",,,,,,,,,,"Not concerned","Very necessary","Very confident",,,,,,
"828",,,,,,,,,,,,,,,,,,
"829","Not concerned","Very necessary","Very confident",,,,,,,,,,,,,,,
"830",,,,"Moderately concerned","Moderately necessary","Very confident",,,,,,,,,,,,
"819",,,,,,,"Concerned","Moderately necessary","Confident",,,,,,,,,
"820","Not concerned","Moderately necessary","Very confident",,,,,,,,,,,,,,,
"821",,,,"Moderately concerned","Not necessary","Confident",,,,,,,,,,,,
"835",,,,,,,,,,,,,,,,,,
"836",,,,,,,,,,,,,,,,,,
"831",,,,,,,,,,,,,,,,,,
"832","Not concerned","Very necessary","Very confident",,,,,,,,,,,,,,,
"833",,,,,,,,,,"Moderately concerned","Slightly necessary","Confident",,,,,,
"834",,,,"Concerned","Not necessary","Moderately confident",,,,,,,,,,,,
"838",,,,,,,,,,,,,,,,,,
"839",,,,"Slightly concerned","Slightly necessary","Slightly confident",,,,,,,,,,,,
"840","Not concerned","Necessary","Confident",,,,,,,,,,,,,,,
"841",,,,,,,,,,,,,"Not concerned","Very necessary","Very confident",,,
"837",,,,,,,,,,,,,"Not concerned","Very necessary","Confident",,,
"846",,,,,,,,,,,,,,,,,,
"847",,,,,,,,,,,,,,,,,,
"848","Not concerned","Slightly necessary","Very confident",,,,,,,,,,,,,,,
"849",,,,"Not concerned","Not necessary","Very confident",,,,,,,,,,,,
"851",,,,,,,,,,,,,,,,,,
"842",,,,"Not concerned","Slightly necessary","Moderately confident",,,,,,,,,,,,
"843","Not concerned","Necessary","Very confident",,,,,,,,,,,,,,,
"844",,,,,,,,,,,,,,,,,,
"845",,,,,,,,,,,,,,,,,,
"850",,,,,,,,,,,,,"Slightly concerned","Not necessary","Very confident",,,
"852",,,,,,,"Not concerned","Very necessary","Very confident",,,,,,,,,
"853",,,,,,,,,,,,,,,,"Not concerned","Very necessary","Very confident"
"854",,,,,,,,,,"Moderately concerned","Not necessary","Very confident",,,,,,
"855",,,,,,,,,,,,,,,,,,
"856","Not concerned","Necessary","Very confident",,,,,,,,,,,,,,,
"857",,,,"Slightly concerned","Moderately necessary","Very confident",,,,,,,,,,,,
"858",,,,,,,,,,,,,,,,,,
"859",,,,,,,,,,,,,"Moderately concerned","Not necessary","Very confident",,,
"860","Not concerned","Moderately necessary","Very confident",,,,,,,,,,,,,,,
"861",,,,"Slightly concerned","Moderately necessary","Very confident",,,,,,,,,,,,
"862",,,,,,,,,,,,,,,,,,
"863",,,,,,,,,,,,,,,,,,
"869",,,,,,,,,,,,,"Moderately concerned","Not necessary","Very confident",,,
"866",,,,,,,,,,,,,,,,,,
"867",,,,"Not concerned","Necessary","Very confident",,,,,,,,,,,,
"868","Not concerned","Necessary","Very confident",,,,,,,,,,,,,,,
"864",,,,,,,,,,,,,,,,,,
"865",,,,,,,,,,,,,,,,,,
"875",,,,,,,,,,,,,,,,,,
"870",,,,,,,,,,,,,,,,,,
"871",,,,,,,,,,,,,,,,,,
"872",,,,"Not concerned","Necessary","Very confident",,,,,,,,,,,,
"873","Not concerned","Necessary","Very confident",,,,,,,,,,,,,,,
"874",,,,,,,,,,,,,,,,,,
"876",,,,,,,,,,,,,,,,,,
"877",,,,,,,,,,,,,,,,,,
"878",,,,,,,,,,"Concerned","Not necessary","Very confident",,,,,,
"879",,,,"Moderately concerned","Slightly necessary","Slightly confident",,,,,,,,,,,,
"880","Not concerned","Necessary","Confident",,,,,,,,,,,,,,,
"881",,,,,,,,,,,,,,,,,,
"882","Concerned","Not necessary","Very confident",,,,,,,,,,,,,,,
"883",,,,"Very concerned","Not necessary","Confident",,,,,,,,,,,,
"884",,,,,,,,,,,,,,,,,,
"886",,,,,,,,,,,,,,,,,,
"887",,,,,,,,,,,,,"Not concerned","Slightly necessary","Confident",,,
"885",,,,,,,,,,,,,,,,,,
"888",,,,,,,,,,,,,,,,,,
"889",,,,,,,,,,,,,,,,,,
"890",,,,,,,,,,,,,,,,,,
"891","Not concerned","Very necessary","Very confident",,,,,,,,,,,,,,,
"892",,,,,,,,,,,,,,,,,,
"893",,,,,,,,,,,,,,,,,,
"894",,,,,,,,,,,,,,,,,,
"898","Slightly concerned","Necessary","Confident",,,,,,,,,,,,,,,
"899",,,,"Slightly concerned","Moderately necessary","Moderately confident",,,,,,,,,,,,
"900",,,,,,,,,,,,,,,,,,
"895",,,,,,,,,,,,,,,,,,
"896","Not concerned","Very necessary","Confident",,,,,,,,,,,,,,,
"897",,,,"Slightly concerned","Necessary","Confident",,,,,,,,,,,,
"906",,,,,,,,,,,,,,,,,,
"907","Slightly concerned","Moderately necessary","Slightly confident",,,,,,,,,,,,,,,
"908",,,,"Slightly concerned","Slightly necessary","Slightly confident",,,,,,,,,,,,
"904",,,,,,,,,,,,,"Not concerned","Very necessary","Confident",,,
"905",,,,,,,,,,,,,,,,,,
"901",,,,,,,,,,,,,,,,,,
"902","Moderately concerned","Moderately necessary","Moderately confident",,,,,,,,,,,,,,,
"903",,,,"Concerned","Slightly necessary","Slightly confident",,,,,,,,,,,,
"912",,,,,,,,,,,,,,,,,,
"913",,,,,,,,,,,,,"Moderately concerned","Moderately necessary","Moderately confident",,,
"909",,,,,,,"Moderately concerned","Moderately necessary","Moderately confident",,,,,,,,,
"910","Moderately concerned","Moderately necessary","Moderately confident",,,,,,,,,,,,,,,
"911",,,,,,,,,,,,,,,,,,
"916",,,,,,,,,,,,,,,,,,
"917",,,,"Not concerned","Moderately necessary","Moderately confident",,,,,,,,,,,,
"918","Slightly concerned","Moderately necessary","Not confident",,,,,,,,,,,,,,,
"914",,,,,,,,,,,,,,,,,,
"915",,,,,,,,,,,,,,,,,,
"919",,,,,,,"Not concerned","Very necessary","Confident",,,,,,,,,
"920",,,,,,,,,,,,,,,,"Moderately concerned","Not necessary","Slightly confident"
"921",,,,,,,,,,"Concerned","Slightly necessary","Slightly confident",,,,,,
"922",,,,,,,,,,,,,,,,,,
"923","Moderately concerned","Necessary","Slightly confident",,,,,,,,,,,,,,,
"925",,,,,,,,,,,,,,,,,,
"926",,,,,,,,,,,,,,,,,,
"927",,,,,,,,,,,,,,,,,,
"928",,,,"Not concerned","Slightly necessary","Very confident",,,,,,,,,,,,
"929","Not concerned","Necessary","Very confident",,,,,,,,,,,,,,,
"924",,,,,,,,,,,,,,,,,,
"933","Moderately concerned","Not necessary","Not confident",,,,,,,,,,,,,,,
"934",,,,"Moderately concerned","Not necessary","Not confident",,,,,,,,,,,,
"935",,,,,,,,,,,,,,,,,,
"936",,,,,,,,,,,,,,,,,,
"937",,,,,,,,,,,,,,,,,,
"938","Not concerned","Necessary","Very confident",,,,,,,,,,,,,,,
"939",,,,"Not concerned","Moderately necessary","Very confident",,,,,,,,,,,,
"930","Moderately concerned","Not necessary","Slightly confident",,,,,,,,,,,,,,,
"931",,,,"Moderately concerned","Not necessary","Slightly confident",,,,,,,,,,,,
"932",,,,,,,,,,,,,,,,,,
"944",,,,,,,,,,,,,"Not concerned","Very necessary","Moderately confident",,,
"945",,,,,,,"Slightly concerned","Necessary","Moderately confident",,,,,,,,,
"946",,,,"Not concerned","Slightly necessary","Moderately confident",,,,,,,,,,,,
"947","Not concerned","Very necessary","Very confident",,,,,,,,,,,,,,,
"940",,,,"Not concerned","Slightly necessary","Confident",,,,,,,,,,,,
"941","Not concerned","Necessary","Very confident",,,,,,,,,,,,,,,
"942",,,,,,,,,,,,,,,,,,
"943",,,,,,,,,,,,,,,,,,
"948",,,,,,,,,,,,,,,,,,
"949",,,,"Concerned","Slightly necessary","Moderately confident",,,,,,,,,,,,
"950","Concerned","Slightly necessary","Moderately confident",,,,,,,,,,,,,,,
"958","Not concerned","Moderately necessary","Very confident",,,,,,,,,,,,,,,
"959",,,,"Not concerned","Necessary","Moderately confident",,,,,,,,,,,,
"960",,,,,,,,,,,,,,,,,,
"961",,,,,,,,,,,,,,,,,,
"955",,,,,,,,,,,,,,,,,,
"956","Not concerned","Moderately necessary","Very confident",,,,,,,,,,,,,,,
"957",,,,"Not concerned","Slightly necessary","Moderately confident",,,,,,,,,,,,
"951",,,,,,,,,,,,,,,,,,
"952",,,,,,,,,,,,,,,,,,
"953","Not concerned","Very necessary","Very confident",,,,,,,,,,,,,,,
"954",,,,"Moderately concerned","Slightly necessary","Confident",,,,,,,,,,,,
"962",,,,,,,"Not concerned","Not necessary","Moderately confident",,,,,,,,,
"963",,,,,,,,,,,,,,,,"Not concerned","Not necessary","Confident"
"964",,,,,,,,,,"Not concerned","Not necessary","Confident",,,,,,
"965","Not concerned","Slightly necessary","Confident",,,,,,,,,,,,,,,
"966",,,,"Not concerned","Slightly necessary","Confident",,,,,,,,,,,,
"970",,,,,,,,,,"Not concerned","Not necessary","Moderately confident",,,,,,
"971",,,,"Not concerned","Not necessary","Confident",,,,,,,,,,,,
"972","Not concerned","Slightly necessary","Confident",,,,,,,,,,,,,,,
"967",,,,,,,,,,,,,,,,,,
"968",,,,"Not concerned","Slightly necessary","Confident",,,,,,,,,,,,
"969","Not concerned","Necessary","Confident",,,,,,,,,,,,,,,
"973",,,,,,,"Slightly concerned","Not necessary","Slightly confident",,,,,,,,,
"974",,,,,,,,,,,,,,,,"Not concerned","Moderately necessary","Moderately confident"
"975",,,,,,,,,,"Slightly concerned","Slightly necessary","Moderately confident",,,,,,
"976",,,,"Moderately concerned","Slightly necessary","Moderately confident",,,,,,,,,,,,
"977","Slightly concerned","Moderately necessary","Confident",,,,,,,,,,,,,,,
"978",,,,,,,,,,,,,,,,,,
"979",,,,"Moderately concerned","Slightly necessary","Moderately confident",,,,,,,,,,,,
"980","Slightly concerned","Necessary","Moderately confident",,,,,,,,,,,,,,,
"982",,,,,,,,,,,,,"Concerned","Very necessary","Very confident",,,
"983",,,,,,,,,,,,,,,,,,
"984",,,,,,,,,,,,,,,,,,
"985","Concerned","Very necessary","Confident",,,,,,,,,,,,,,,
"986",,,,"Concerned","Very necessary","Confident",,,,,,,,,,,,
"981",,,,,,,"Slightly concerned","Slightly necessary","Very confident",,,,,,,,,
"987",,,,,,,"Very concerned","Not necessary","Moderately confident",,,,,,,,,
"994",,,,,,,,,,,,,,,,,,
"988",,,,,,,,,,,,,,,,,,
"989",,,,,,,,,,,,,,,,,,
"990",,,,,,,,,,,,,,,,,,
"991",,,,,,,,,,,,,,,,,,
"992","Not concerned","Necessary","Very confident",,,,,,,,,,,,,,,
"993",,,,"Slightly concerned","Slightly necessary","Very confident",,,,,,,,,,,,
"1003",,,,"Very concerned","Not necessary","Very confident",,,,,,,,,,,,
"1004","Concerned","Not necessary","Very confident",,,,,,,,,,,,,,,
"1005",,,,,,,,,,,,,,,,,,
"995",,,,,,,,,,,,,,,,,,
"996",,,,,,,,,,,,,,,,,,
"997",,,,,,,,,,,,,,,,,,
"998",,,,"Slightly concerned","Not necessary","Very confident",,,,,,,,,,,,
"999","Not concerned","Slightly necessary","Very confident",,,,,,,,,,,,,,,
"1000",,,,"Slightly concerned","Moderately necessary","Very confident",,,,,,,,,,,,
"1001","Not concerned","Slightly necessary","Very confident",,,,,,,,,,,,,,,
"1002",,,,,,,,,,,,,,,,,,
"1006",,,,,,,,,,,,,,,,,,
"1007","Not concerned","Necessary","Very confident",,,,,,,,,,,,,,,
"1008",,,,"Slightly concerned","Necessary","Very confident",,,,,,,,,,,,
"1009","Moderately concerned","Moderately necessary","Moderately confident",,,,,,,,,,,,,,,
"1010",,,,"Moderately concerned","Moderately necessary","Moderately confident",,,,,,,,,,,,
"1011",,,,,,,,,,,,,,,,,,
"1012","Not concerned","Moderately necessary","Confident",,,,,,,,,,,,,,,
"1013",,,,"Slightly concerned","Not necessary","Moderately confident",,,,,,,,,,,,
"1014",,,,,,,,,,,,,,,,,,
"1015",,,,,,,,,,,,,,,,,,
"1017",,,,,,,"Moderately concerned","Slightly necessary","Confident",,,,,,,,,
"1018",,,,,,,,,,,,,,,,"Slightly concerned","Slightly necessary","Confident"
"1019",,,,,,,,,,"Moderately concerned","Slightly necessary","Confident",,,,,,
"1020",,,,,,,,,,,,,,,,,,
"1021","Not concerned","Slightly necessary","Confident",,,,,,,,,,,,,,,
"1016",,,,,,,,,,,,,,,,,,
"1030",,,,,,,,,,,,,,,,,,
"1031",,,,,,,,,,,,,,,,,,
"1032",,,,,,,,,,,,,,,,,,
"1033",,,,,,,,,,,,,,,,,,
"1034",,,,"Not concerned","Not necessary","Very confident",,,,,,,,,,,,
"1035","Not concerned","Not necessary","Very confident",,,,,,,,,,,,,,,
"1022",,,,,,,,,,,,,,,,,,
"1023",,,,,,,,,,,,,,,,,,
"1024",,,,,,,,,,,,,,,,,,
"1025",,,,"Not concerned","Moderately necessary","Very confident",,,,,,,,,,,,
"1026","Not concerned","Moderately necessary","Very confident",,,,,,,,,,,,,,,
"1027",,,,,,,,,,,,,,,,,,
"1028",,,,"Not concerned","Moderately necessary","Very confident",,,,,,,,,,,,
"1029","Not concerned","Moderately necessary","Very confident",,,,,,,,,,,,,,,
"1046","Not concerned","Moderately necessary","Confident",,,,,,,,,,,,,,,
"1047",,,,"Moderately concerned","Not necessary","Not confident",,,,,,,,,,,,
"1048",,,,,,,,,,,,,,,,,,
"1040",,,,,,,,,,,,,,,,,,
"1041",,,,,,,,,,,,,,,,,,
"1042",,,,,,,,,,,,,,,,,,
"1043",,,,,,,,,,,,,,,,,,
"1044","Not concerned","Necessary","Confident",,,,,,,,,,,,,,,
"1045",,,,"Slightly concerned","Necessary","Confident",,,,,,,,,,,,
"1036",,,,,,,,,,,,,,,,,,
"1037",,,,,,,,,,,,,,,,,,
"1038","Not concerned","Necessary","Confident",,,,,,,,,,,,,,,
"1039",,,,"Not concerned","Necessary","Confident",,,,,,,,,,,,
"1053",,,,,,,,,,,,,"Not concerned","Not necessary","Moderately confident",,,
"1049",,,,,,,,,,,,,"Not concerned","Not necessary","Confident",,,
"1050",,,,"Slightly concerned","Slightly necessary","Slightly confident",,,,,,,,,,,,
"1051","Slightly concerned","Slightly necessary","Slightly confident",,,,,,,,,,,,,,,
"1052",,,,,,,,,,,,,"Not concerned","Not necessary","Moderately confident",,,
"1062",,,,,,,,,,,,,"Concerned","Not necessary","Not confident",,,
"1059",,,,,,,,,,,,,,,,,,
"1060","Not concerned","Necessary","Confident",,,,,,,,,,,,,,,
"1061",,,,"Slightly concerned","Slightly necessary","Moderately confident",,,,,,,,,,,,
"1054","Not concerned","Necessary","Confident",,,,,,,,,,,,,,,
"1055",,,,"Slightly concerned","Necessary","Confident",,,,,,,,,,,,
"1056",,,,,,,,,,,,,,,,,,
"1057",,,,,,,,,,,,,,,,,,
"1058",,,,,,,,,,,,,,,,,,
"1067",,,,,,,"Not concerned","Moderately necessary","Moderately confident",,,,,,,,,
"1068",,,,,,,,,,,,,,,,"Not concerned","Moderately necessary","Moderately confident"
"1069",,,,,,,,,,"Not concerned","Moderately necessary","Moderately confident",,,,,,
"1070","Not concerned","Moderately necessary","Moderately confident",,,,,,,,,,,,,,,
"1071",,,,"Not concerned","Moderately necessary","Moderately confident",,,,,,,,,,,,
"1066",,,,,,,,,,,,,,,,,,
"1063",,,,,,,,,,,,,,,,,,
"1064","Not concerned","Necessary","Very confident",,,,,,,,,,,,,,,
"1065",,,,"Slightly concerned","Not necessary","Moderately confident",,,,,,,,,,,,
"1072",,,,,,,"Not concerned","Very necessary","Very confident",,,,,,,,,
"1073",,,,,,,,,,"Not concerned","Moderately necessary","Very confident",,,,,,
"1074",,,,,,,,,,,,,,,,"Not concerned","Moderately necessary","Very confident"
"1075",,,,,,,"Not concerned","Very necessary","Very confident",,,,,,,,,
"1076",,,,,,,,,,,,,,,,"Not concerned","Necessary","Very confident"
"1077",,,,,,,,,,"Slightly concerned","Necessary","Moderately confident",,,,,,
"1078",,,,,,,,,,,,,,,,,,
"1079","Not concerned","Very necessary","Very confident",,,,,,,,,,,,,,,
"1080",,,,"Slightly concerned","Moderately necessary","Confident",,,,,,,,,,,,
"1081",,,,,,,"Very concerned","Not necessary","Slightly confident",,,,,,,,,
"1082",,,,,,,,,,,,,,,,"Very concerned","Not necessary","Slightly confident"
"1083","Slightly concerned","Moderately necessary","Confident",,,,,,,,,,,,,,,
"1084",,,,"Slightly concerned","Moderately necessary","Moderately confident",,,,,,,,,,,,
"1085",,,,,,,,,,,,,,,,,,
"1086",,,,,,,"Slightly concerned","Not necessary","Moderately confident",,,,,,,,,
"1087",,,,,,,,,,,,,,,,"Slightly concerned","Not necessary","Moderately confident"
"1088",,,,,,,,,,"Slightly concerned","Not necessary","Moderately confident",,,,,,
"1089","Not concerned","Necessary","Moderately confident",,,,,,,,,,,,,,,
"1090",,,,"Slightly concerned","Slightly necessary","Moderately confident",,,,,,,,,,,,
"1096",,,,,,,,,,,,,,,,,,
"1097","Slightly concerned","Moderately necessary","Moderately confident",,,,,,,,,,,,,,,
"1098",,,,"Slightly concerned","Slightly necessary","Moderately confident",,,,,,,,,,,,
"1091",,,,,,,"Slightly concerned","Necessary","Moderately confident",,,,,,,,,
"1092",,,,,,,,,,,,,,,,"Slightly concerned","Necessary","Moderately confident"
"1093",,,,,,,,,,"Slightly concerned","Necessary","Moderately confident",,,,,,
"1094","Slightly concerned","Moderately necessary","Moderately confident",,,,,,,,,,,,,,,
"1095",,,,"Slightly concerned","Slightly necessary","Moderately confident",,,,,,,,,,,,
"1099",,,,,,,,,,,,,,,,,,
"1100",,,,,,,,,,,,,,,,,,
"1101",,,,,,,,,,,,,,,,,,
"1102",,,,"Moderately concerned","Not necessary","Slightly confident",,,,,,,,,,,,
"1103","Not concerned","Slightly necessary","Confident",,,,,,,,,,,,,,,
"1104",,,,,,,,,,,,,,,,,,
"1105",,,,"Moderately concerned","Not necessary","Not confident",,,,,,,,,,,,
"1106","Moderately concerned","Slightly necessary","Confident",,,,,,,,,,,,,,,
"1112",,,,,,,,,,"Not concerned","Very necessary","Very confident",,,,,,
"1113","Not concerned","Very necessary","Very confident",,,,,,,,,,,,,,,
"1114",,,,"Slightly concerned","Necessary","Confident",,,,,,,,,,,,
"1107",,,,,,,"Not concerned","Very necessary","Confident",,,,,,,,,
"1108",,,,,,,,,,,,,,,,"Not concerned","Very necessary","Confident"
"1109",,,,,,,,,,"Not concerned","Very necessary","Confident",,,,,,
"1110","Not concerned","Very necessary","Very confident",,,,,,,,,,,,,,,
"1111",,,,"Moderately concerned","Slightly necessary","Slightly confident",,,,,,,,,,,,
"1115",,,,,,,"Not concerned","Very necessary","Very confident",,,,,,,,,
"1116",,,,,,,,,,,,,,,,"Not concerned","Very necessary","Very confident"
"1117",,,,,,,,,,"Not concerned","Very necessary","Very confident",,,,,,
"1118",,,,,,,,,,,,,,,,,,
"1119",,,,"Slightly concerned","Necessary","Confident",,,,,,,,,,,,
"1120","Not concerned","Very necessary","Very confident",,,,,,,,,,,,,,,
"1121",,,,,,,,,,,,,,,,,,
"1127",,,,,,,"Not concerned","Very necessary","Very confident",,,,,,,,,
"1128",,,,,,,,,,,,,,,,"Not concerned","Very necessary","Very confident"
"1129",,,,,,,,,,"Not concerned","Very necessary","Very confident",,,,,,
"1130",,,,,,,,,,,,,,,,,,
"1131",,,,"Not concerned","Very necessary","Very confident",,,,,,,,,,,,
"1132","Not concerned","Very necessary","Very confident",,,,,,,,,,,,,,,
"1123",,,,,,,,,,,,,,,,,,
"1124",,,,,,,,,,,,,,,,,,
"1125","Slightly concerned","Necessary","Confident",,,,,,,,,,,,,,,
"1126",,,,"Concerned","Slightly necessary","Confident",,,,,,,,,,,,
"1122",,,,,,,"Moderately concerned","Moderately necessary","Moderately confident",,,,,,,,,
"1135",,,,,,,,,,,,,,,,,,
"1136",,,,,,,,,,,,,"Not concerned","Necessary","Confident",,,
"1133",,,,,,,,,,,,,"Not concerned","Necessary","Confident",,,
"1134",,,,,,,,,,,,,"Not concerned","Moderately necessary","Confident",,,
"1144",,,,,,,,,,,,,,,,,,
"1145",,,,,,,,,,,,,"Not concerned","Necessary","Confident",,,
"1142",,,,,,,,,,,,,,,,,,
"1143",,,,,,,,,,,,,"Not concerned","Necessary","Confident",,,
"1137",,,,,,,,,,,,,,,,,,
"1138","Not concerned","Necessary","Confident",,,,,,,,,,,,,,,
"1139",,,,"Not concerned","Moderately necessary","Confident",,,,,,,,,,,,
"1140",,,,,,,,,,,,,,,,,,
"1141",,,,,,,,,,,,,,,,,,
"1146",,,,,,,,,,,,,,,,,,
"1147","Not concerned","Necessary","Confident",,,,,,,,,,,,,,,
"1148",,,,"Not concerned","Moderately necessary","Moderately confident",,,,,,,,,,,,
"1154",,,,,,,,,,,,,"Not concerned","Necessary","Confident",,,
"1155",,,,,,,,,,,,,"Slightly concerned","Necessary","Confident",,,
"1149",,,,,,,,,,,,,,,,,,
"1150",,,,,,,,,,,,,"Not concerned","Necessary","Confident",,,
"1151",,,,"Concerned","Not necessary","Confident",,,,,,,,,,,,
"1152",,,,,,,,,,,,,,,,,,
"1153",,,,,,,,,,,,,,,,,,
"1159",,,,,,,,,,,,,,,,,,
"1156",,,,,,,,,,"Moderately concerned","Not necessary","Very confident",,,,,,
"1157",,,,"Moderately concerned","Not necessary","Very confident",,,,,,,,,,,,
"1158","Not concerned","Very necessary","Very confident",,,,,,,,,,,,,,,
"1160",,,,,,,,,,,,,,,,"Not concerned","Very necessary","Very confident"
"1161",,,,,,,,,,,,,,,,,,
"1163",,,,,,,,,,,,,,,,,,
"1164",,,,,,,,,,,,,,,,,,
"1165",,,,,,,,,,,,,,,,,,
"1166","Not concerned","Necessary","Very confident",,,,,,,,,,,,,,,
"1167",,,,"Slightly concerned","Slightly necessary","Very confident",,,,,,,,,,,,
"1168",,,,,,,,,,,,,,,,,,
"1169","Not concerned","Necessary","Very confident",,,,,,,,,,,,,,,
"1170",,,,"Slightly concerned","Slightly necessary","Very confident",,,,,,,,,,,,
"1162",,,,,,,,,,,,,,,,,,
"1171",,,,,,,,,,,,,,,,,,
"1172",,,,"Slightly concerned","Slightly necessary","Moderately confident",,,,,,,,,,,,
"1173","Slightly concerned","Moderately necessary","Moderately confident",,,,,,,,,,,,,,,
"1178",,,,,,,,,,,,,,,,,,
"1179",,,,"Slightly concerned","Slightly necessary","Slightly confident",,,,,,,,,,,,
"1180","Slightly concerned","Slightly necessary","Slightly confident",,,,,,,,,,,,,,,
"1174",,,,,,,,,,,,,,,,,,
"1175",,,,,,,,,,,,,,,,,,
"1176",,,,"Slightly concerned","Slightly necessary","Slightly confident",,,,,,,,,,,,
"1177","Slightly concerned","Slightly necessary","Slightly confident",,,,,,,,,,,,,,,
"1186",,,,,,,,,,,,,,,,,,
"1187",,,,,,,,,,,,,,,,,,
"1188",,,,"Not concerned","Not necessary","Very confident",,,,,,,,,,,,
"1189","Not concerned","Not necessary","Very confident",,,,,,,,,,,,,,,
"1181",,,,,,,"Not concerned","Very necessary","Very confident",,,,,,,,,
"1182",,,,,,,,,,,,,,,,"Not concerned","Very necessary","Very confident"
"1183",,,,,,,,,,"Not concerned","Very necessary","Very confident",,,,,,
"1184","Not concerned","Very necessary","Very confident",,,,,,,,,,,,,,,
"1185",,,,,,,,,,,,,,,,,,
"1190",,,,,,,,,,,,,,,,,,
"1191",,,,,,,,,,,,,"Not concerned","Necessary","Confident",,,
"1192","Not concerned","Slightly necessary","Very confident",,,,,,,,,,,,,,,
"1193",,,,"Slightly concerned","Slightly necessary","Confident",,,,,,,,,,,,
"1194",,,,,,,,,,,,,,,,,,
"1195",,,,,,,,,,,,,,,,,,
"1196",,,,,,,,,,,,,,,,,,
"1197",,,,,,,,,,,,,,,,,,
"1198",,,,,,,,,,,,,,,,,,
"1199",,,,,,,,,,,,,,,,,,
"1200",,,,,,,,,,,,,,,,,,
"1201",,,,,,,,,,,,,,,,,,
